album_id,artist_id
8a789978-490b-4f90-829a-1776b75d163a,6c5a20dd-5168-40c9-92a5-2d62874a07ee
14af0921-a352-498a-b657-2a7b5397915b,67b2ff8a-0b34-4bc0-95ff-13077120f890
08d7c376-7ac3-4a2b-9a44-7b3601a931ed,bf0ffb32-463e-4d99-8518-b62108866607
a8f13880-7b10-4963-ba7c-ba3ea045e02e,585d4321-dc82-4dc8-8474-d1d94e9b0f90
faa44ff1-829c-45af-aa4c-d4bb15727846,fd897e2b-b0ca-476d-8f62-27e4228a4d1e
0fc1265a-9ea7-45b6-ad6c-f085d58ff8d8,8c84d187-d134-45fe-a2e9-5e7941443b05
63b61d27-3b70-4bd7-a4ab-47febb7b9256,0cf4cd94-b23e-4873-bcd0-61e7fe6f4b74
82ff4c7f-e912-47d3-8a12-774f93776f44,61669db1-a9df-4b06-8cf1-e83f7d66a747
80f96bba-58a5-41ee-a17b-c6993ff4bee3,585d4321-dc82-4dc8-8474-d1d94e9b0f90
fbd80612-f6d0-46e2-929e-e61cbad006dd,40a7ac7d-a949-4273-880d-72fbc3afe78b
1ce7d6db-1c97-41de-808d-735192b96a16,40a7ac7d-a949-4273-880d-72fbc3afe78b
ed529077-81d5-43ba-a219-3eb1d9d15df2,0cf4cd94-b23e-4873-bcd0-61e7fe6f4b74
848ed9bf-d449-43ab-9633-1069a2657e13,24da9dc6-a89c-4077-8924-6ed0a4886249
d591797d-443a-4f90-92b7-6eb1adf507ec,61669db1-a9df-4b06-8cf1-e83f7d66a747
e90d6276-5725-4a9b-940d-3ef963bcf4e7,24da9dc6-a89c-4077-8924-6ed0a4886249
181333c5-8ce4-4507-98bd-d478fd70a23e,d98648f5-0a74-4801-b9fd-5df566f7b08a
a81d0671-abf2-4cd5-bced-204cc30f2b74,24da9dc6-a89c-4077-8924-6ed0a4886249
c3605fdd-fc2d-4ba4-9837-29eff7260037,6c5a20dd-5168-40c9-92a5-2d62874a07ee
57d0f109-7139-4a9b-865c-bda6f6ba821b,97a9d235-848f-4d69-a988-3ad7993c839d
6431bc69-62f3-4865-94e9-0502090b40d9,6c5a20dd-5168-40c9-92a5-2d62874a07ee
5d876a7d-3e6d-4d39-b154-0903a133c053,24da9dc6-a89c-4077-8924-6ed0a4886249
29f60cd9-6484-4a88-a1b5-aeb264c4a3a8,2e4bd348-cfe7-4a28-9c4f-177ceae3ff2a
03d482c9-708a-4bc9-aa17-8985b5041298,4ff07f8c-27b3-4b3b-8574-b6b9ee2724a1
24d75fbe-1675-4a96-ae78-16f57a98cd4f,0e47066e-86d7-4173-a4ea-dda17881d58b
b0e46b69-2cf7-4e84-b499-115993fcfc27,d6f3c7fa-2ddf-4ebf-a9d7-e258a107061e
6807e35d-9c77-4a74-ae31-c0a265032f1f,4ff07f8c-27b3-4b3b-8574-b6b9ee2724a1
029d891c-c72d-459c-92cc-03d3266a798e,f3041aa8-657c-4622-9577-09f88fd4475e
7eb725d4-da75-4a3b-8f94-68740ce92d54,2e4bd348-cfe7-4a28-9c4f-177ceae3ff2a
5802c9e4-a1e1-4a10-b8c0-96c46965e793,2e4bd348-cfe7-4a28-9c4f-177ceae3ff2a
575c080f-af54-4d8e-ae05-baade4772127,f3041aa8-657c-4622-9577-09f88fd4475e
5d390d83-af45-47df-982a-a10b87bac2f2,fd897e2b-b0ca-476d-8f62-27e4228a4d1e
6aa81a67-5131-4358-91d8-e5e296a68fd1,d6f3c7fa-2ddf-4ebf-a9d7-e258a107061e
a9ef9ef1-253f-4afa-920f-3e73401b3efa,e8a951fe-8a17-474f-b652-6916172806f0
57121afa-2019-4d18-a99c-9716e1136cfe,8c84d187-d134-45fe-a2e9-5e7941443b05
5edee60d-8ace-400e-b578-5910d7bbf6dd,2e4bd348-cfe7-4a28-9c4f-177ceae3ff2a
e492adbc-342c-482b-b5c7-c221ce1e7b9b,d6f3c7fa-2ddf-4ebf-a9d7-e258a107061e
95c88d91-2b99-428d-bae6-a3a817da5503,d3ce4f4d-d9c9-472c-b1c3-058c7b801ba3
f82f2863-661e-4c05-92f6-a16d27424245,c6b2e214-8272-451e-a7db-cd4ec6f7218b
59f84278-9e5b-4c43-ac09-644cb46d7b1b,bc2631c4-5a70-44a3-89e8-b3e42d830b01
dd7ab4f9-e02e-4345-a84d-3edcd51652f7,d98648f5-0a74-4801-b9fd-5df566f7b08a
3de4cfd2-0966-47ac-804e-4455caa19660,33c8e56c-b919-486d-baf5-2ef82c2d5db0
3e207d27-9f09-4c05-949f-4fd427c0ef77,14573728-18ac-4f55-812e-12906795e3b0
b3c08492-59b0-455a-939d-10eb09719b17,f3041aa8-657c-4622-9577-09f88fd4475e
c0619b19-3fad-4166-832a-23dc5f5d9e91,0cf4cd94-b23e-4873-bcd0-61e7fe6f4b74
ba31ed37-7f23-4f27-9c74-ff627ba325ea,41fac3b3-839e-483a-b087-2fe9db7580de
9211eb90-deab-4206-b1fd-02e152f34211,4ff07f8c-27b3-4b3b-8574-b6b9ee2724a1
a43267a8-043e-4ff8-985e-3bd6e9682243,fdaf6722-ee79-48c5-a1c3-2b4bc1faa04b
1d27e286-ddb6-48bf-99fc-5f8103fb282f,808229d6-d1e2-4805-8a89-3dd21b72006d
5221beb4-2fcc-4a68-bbab-11ff480b079b,c6b2e214-8272-451e-a7db-cd4ec6f7218b
91a470f3-1284-4cc2-8164-df7979ee7c00,c6b2e214-8272-451e-a7db-cd4ec6f7218b
919ed9a3-f3ad-44d9-a789-c2240049fbf8,33c8e56c-b919-486d-baf5-2ef82c2d5db0
6b973357-f159-4a2e-bc2e-46c628d9febb,808229d6-d1e2-4805-8a89-3dd21b72006d
fe715f33-99a4-4e0e-a742-53f1fb924c44,5155ce8c-b155-41ad-b4d4-f108eedb9728
11d43d17-d6fa-400c-8a51-68af5d0ab9f1,0cf4cd94-b23e-4873-bcd0-61e7fe6f4b74
2c03945e-e6dd-4e61-9c18-4e0dc566d6c5,33c8e56c-b919-486d-baf5-2ef82c2d5db0
1ddaa2f5-f3d4-42b2-b598-eeb776264e6b,40a7ac7d-a949-4273-880d-72fbc3afe78b
4e7a32e7-4e62-4629-b8e2-d5d60ae7fd7e,fdaf6722-ee79-48c5-a1c3-2b4bc1faa04b
3ca406f6-3b21-4eeb-ae47-b9d413f0c578,9fcf558f-1848-44f8-94fe-504872920162
66418cfd-7c18-457e-bc5d-294c13a76673,fdaf6722-ee79-48c5-a1c3-2b4bc1faa04b
c6c2b5f9-80fa-4dd0-930a-8c4bb846c9b2,322c75a5-6943-4b5d-ae23-d062537afc0f
394a3dd5-4b15-4952-a7d8-52a7fe41b5dc,9fcf558f-1848-44f8-94fe-504872920162
922ff68f-fc65-4d07-a400-ef5f521e839a,4ff07f8c-27b3-4b3b-8574-b6b9ee2724a1
82b1a03f-c1e8-46c1-9ce1-5fec5204a474,e252fded-fefb-46e4-b89b-82f15de37e5a
2d352f83-50a1-422c-b27f-2cd4435b68eb,4b9e01b9-572c-4134-b82b-4acd2e512aff
db960470-61ba-47a1-b87e-8497bbe368bc,e252fded-fefb-46e4-b89b-82f15de37e5a
495dc65f-d1cd-47bf-b97a-98e29274de1f,33c8e56c-b919-486d-baf5-2ef82c2d5db0
07aa4ff8-eef5-434d-b7c0-d21b96ad1c3d,5155ce8c-b155-41ad-b4d4-f108eedb9728
5f3d782e-769a-4750-a0c2-ffa5b8392eab,e252fded-fefb-46e4-b89b-82f15de37e5a
4dafa1c7-8eac-4fb0-9592-24c09f858695,5155ce8c-b155-41ad-b4d4-f108eedb9728
792cc48b-2053-4a24-b9b6-3b7b4035904f,269118d4-ac9a-4e39-a480-28b22f61d1e4
45b92be3-59d5-425f-b95e-0fef4b7a32de,5155ce8c-b155-41ad-b4d4-f108eedb9728
c2d7fa36-aef0-4426-9665-68731468cb0e,f3041aa8-657c-4622-9577-09f88fd4475e
a02fa1c8-75fa-4d9b-9163-11e674988a66,8df5caa7-ff6d-4a2d-9ee5-7ed8ac3029db
b596b03a-f3f8-4809-aac9-1a3572cbf9ff,fd897e2b-b0ca-476d-8f62-27e4228a4d1e
22888f22-25d6-4a47-9057-84fa97dda9cf,e252fded-fefb-46e4-b89b-82f15de37e5a
cc1bb55d-d72c-4a26-9df6-ceac58575b14,42278103-2713-457d-91a0-332e02f50702
242743cb-b79f-40bc-8f2d-41d42ded008a,8df5caa7-ff6d-4a2d-9ee5-7ed8ac3029db
e923a464-af13-4ebc-ad0e-240730a47c95,14573728-18ac-4f55-812e-12906795e3b0
0ce5230d-83a7-484a-9f0e-47ffdef74899,f3f48f64-1aaf-4ff5-91f5-36ff3f24493a
31a21ddd-57bf-4dfd-a2c4-cdaad6c1f8e6,62821be3-42d6-48c0-993d-83f3f64de951
047d3bc4-6726-469b-ad98-6649aedbe9c3,598cca73-7543-4f09-a7c9-a965377d92b7
272df595-8d80-4580-8da2-843855c46818,4b9e01b9-572c-4134-b82b-4acd2e512aff
47414850-bb84-42b9-921d-a39ef584faf6,88d85ab5-54f3-4018-87fe-fd921ca1ccc0
7fa0adc3-6a48-4d01-be6c-70f312bf18e7,88d85ab5-54f3-4018-87fe-fd921ca1ccc0
c50be323-b33c-4f4c-b6d1-5c318d78a5fb,0ae436fb-e780-44c7-8aff-16a79fbf369b
37defd22-14b4-424c-b8ed-f80929933bd9,4b9e01b9-572c-4134-b82b-4acd2e512aff
c79990f4-3f10-4d47-9269-31489805a629,f3f48f64-1aaf-4ff5-91f5-36ff3f24493a
8720c844-562c-4e7e-89a0-e81f02f75a75,ca73ca68-9a99-401a-a2c5-39e9de65c9f0
d1bf5a75-939a-42fa-a0a3-71a1f6c3b7c3,f3f48f64-1aaf-4ff5-91f5-36ff3f24493a
5528a71a-9b67-490b-9de5-4ff5a90f3702,ca73ca68-9a99-401a-a2c5-39e9de65c9f0
b72464ac-a466-4bcd-9719-a89371f989e9,62f6b6e1-5e81-40e1-94eb-f5df6e18b25e
bde67010-3c42-4825-8234-0c507101686a,41b73aec-0538-441c-9413-a4b9d403d901
7c79abec-3119-4c2b-815b-afbcc62d4c7b,ca73ca68-9a99-401a-a2c5-39e9de65c9f0
ba14158c-cf78-4f2e-9fb3-22f022808321,62f6b6e1-5e81-40e1-94eb-f5df6e18b25e
4d5cd8d7-e275-405a-bb6d-ff3e195b9085,974672ae-28f2-4a05-b6dd-fcb54d079204
cc270815-edf8-4c6c-81a5-d32e70b01564,40a7ac7d-a949-4273-880d-72fbc3afe78b
b1c16dcd-b42a-44df-811b-2838a6bb9e1e,42278103-2713-457d-91a0-332e02f50702
6ea8b6e2-5228-441a-81e6-a9976a811a22,269118d4-ac9a-4e39-a480-28b22f61d1e4
ccfafed1-3b94-4af6-a26a-ced009a37178,974672ae-28f2-4a05-b6dd-fcb54d079204
9b5da198-e831-4b36-b5ab-be6fb52503b6,974672ae-28f2-4a05-b6dd-fcb54d079204
ef3049f7-370b-4e26-922e-347e37ad2113,5feb7789-68bc-49ee-8b91-1b3978700e4c
37334001-9204-4dfa-88f5-abc780388e87,974672ae-28f2-4a05-b6dd-fcb54d079204
af6352d2-90ca-49f3-bf2c-3acd6a2a7f51,b80aaece-d158-41f1-8be8-47545c063a55
b5d2feaa-f26d-4825-b008-244f9f5c990b,872ab6cf-1f31-4fd0-b6b7-709060a4c1a4
860323b9-2bfd-4435-b0a5-5045db7248c5,0ae436fb-e780-44c7-8aff-16a79fbf369b
e494ae45-f66c-450d-85cb-aaddbc988ed6,ca73ca68-9a99-401a-a2c5-39e9de65c9f0
893abc2f-5f93-49c4-922e-de6014990fea,322c75a5-6943-4b5d-ae23-d062537afc0f
a83b6355-56f0-445c-b25f-8fa4b5e3b7d1,b80aaece-d158-41f1-8be8-47545c063a55
91c43e5c-5247-414e-8d82-218dca6cc6f6,0ae436fb-e780-44c7-8aff-16a79fbf369b
a11d093c-ab28-497c-96a9-dd9681d707d5,41b73aec-0538-441c-9413-a4b9d403d901
19ba033f-0c5d-4e5e-8e8c-5d6800f9c771,b80aaece-d158-41f1-8be8-47545c063a55
fbafcf2a-b6cc-4d63-a1e9-db7ef99905b5,578aecdd-a207-47c8-b9aa-049f594b4c26
988bc2a4-0e6b-4d75-8937-b12ac772ceda,31fd1eb6-49dc-4f0a-b95d-8d520dfb20f7
bfd69a5e-ba7d-42a7-9072-687d3461ad02,809a1e04-4924-4662-bbb5-505e8830dc5f
3a570ceb-3a33-44b8-8c47-60aaa9f86c0f,89fd0b71-05a6-4558-965a-a667cf00042c
83f26b0c-9287-42a3-a100-be1c0c0962bf,214c25cd-63f4-4516-9ed4-7f14c38e6c52
403bd2d8-7570-407a-8933-4779c35d7ff9,214c25cd-63f4-4516-9ed4-7f14c38e6c52
2ceda53f-7c0a-4f21-b133-879a5f626401,463335d8-33d1-4a74-af42-23f5326e44bc
8339560b-0188-49fb-a314-4a590fae084a,ef8f2b1f-d586-490d-b791-5cd80c042d20
8c16b912-1f9f-49b8-8380-07e7ff782ee0,42278103-2713-457d-91a0-332e02f50702
88a3a992-4a54-4f6c-b79a-70a99e64a711,463335d8-33d1-4a74-af42-23f5326e44bc
b5d4bec7-ede6-4f23-9d07-40d504471f88,d6c91b2b-7911-4634-bb48-ac0fd529e1c3
ff89dc11-be2c-482c-8a93-e06d7fa4e07d,62821be3-42d6-48c0-993d-83f3f64de951
d5eaa205-1a6c-4915-a605-641a31c9379b,fdaf6722-ee79-48c5-a1c3-2b4bc1faa04b
f60360fa-4aca-479e-bb73-c0f1a217692e,41292ef4-55dd-47c5-8af3-608434d1ea4a
960d42b2-ca90-4583-aef3-5aaf9c9c8b1b,ca74099b-4861-4625-b376-a659537cd2d7
24225459-7946-45cb-bfec-9ce2ecec2db8,42278103-2713-457d-91a0-332e02f50702
96827c0e-4f47-49fe-bed8-9dc374e5b1a7,d6c91b2b-7911-4634-bb48-ac0fd529e1c3
18e010e0-db05-4f0e-b346-b98c128249d1,3f88b862-56d9-4ca5-939b-a8c8d6a7acf2
8a43ccc4-841b-47f7-bab3-da466de34fc8,8d026839-5733-4f6d-b295-58c51e489db5
8892ad1a-9775-437d-9dca-bf87b3c95f9d,41292ef4-55dd-47c5-8af3-608434d1ea4a
f3f61bb1-d67c-40b9-8f62-99a8570ff00b,5feb7789-68bc-49ee-8b91-1b3978700e4c
ce766b81-26df-455c-8ed0-9a4c8863fb08,31fd1eb6-49dc-4f0a-b95d-8d520dfb20f7
6e59ec5f-a82a-4124-be92-41c76fc5b482,5feb7789-68bc-49ee-8b91-1b3978700e4c
b78392b4-2a6f-4c0b-a9dd-31ce5c1a84b5,41292ef4-55dd-47c5-8af3-608434d1ea4a
a9a2dfc6-79e3-4194-a742-5abcb93c2320,31fd1eb6-49dc-4f0a-b95d-8d520dfb20f7
6c6fdea9-1d94-4c33-9bef-e559d48cf811,214c25cd-63f4-4516-9ed4-7f14c38e6c52
0e468407-280b-49e5-81f5-7a16ad0921fc,ddf48130-1d6d-422b-9042-8b86a0de6fe3
c25ac2ef-c644-4571-9e8e-eea65b57a9f4,d1937867-4c56-422b-b712-37d2ec222d4a
838d35a0-bc66-43f8-ab05-3bad9975a13d,d1937867-4c56-422b-b712-37d2ec222d4a
013168d7-bca2-47e3-beea-c4fb649c567f,214c25cd-63f4-4516-9ed4-7f14c38e6c52
cdb5b796-e483-4c39-8d6a-34e010d950a8,62821be3-42d6-48c0-993d-83f3f64de951
d0f81a38-bb1e-45c7-b374-d39f5071d0fc,a34720ab-0cc5-45a8-a174-09a4835031ea
bf463377-2af9-4a55-af01-bddd94b2bdc2,a34720ab-0cc5-45a8-a174-09a4835031ea
f2757eb7-d71b-4967-b26b-66a2864c7528,ccd436b0-6914-41c2-9de1-50c209ff4211
dbb658de-cadf-4cf1-b49f-b4c30c2ea0c0,a34720ab-0cc5-45a8-a174-09a4835031ea
0de3ddf2-b9ed-4628-8a8c-f7620320e027,8d026839-5733-4f6d-b295-58c51e489db5
1c723764-ee18-4a1f-b29d-e1f6a527b3fc,62821be3-42d6-48c0-993d-83f3f64de951
5d8edf1c-60ed-4bf9-8782-f629bf6be5de,89fd0b71-05a6-4558-965a-a667cf00042c
8d202f03-ec63-497d-ba70-4e1a5b4f3d60,1b45e494-0028-4cee-bf8d-3b66b856a38e
66beb393-aaae-4c17-ad82-cd1bde632b2c,8d026839-5733-4f6d-b295-58c51e489db5
74c21e8e-5562-428c-ac73-95d29eeef12c,c68bbb50-4eec-4d55-96d6-1f7db58c7342
d05c57c3-d3de-41e0-a176-9162fc5c6f7d,1b45e494-0028-4cee-bf8d-3b66b856a38e
79009dbc-3798-4af2-82b5-a060199b580f,6a2469a2-a413-42c2-be61-726f8a554022
8ad4d3dc-ac71-4ce2-9737-cba5bbdc53df,ddf48130-1d6d-422b-9042-8b86a0de6fe3
702888d7-dd4d-4f35-bb4d-1e3abb7ad794,1b45e494-0028-4cee-bf8d-3b66b856a38e
7f1c7467-214f-49b6-9899-7362d4af42b7,6a2469a2-a413-42c2-be61-726f8a554022
07ad2ccf-6a45-47ac-b388-88e0d13e1e59,3f88b862-56d9-4ca5-939b-a8c8d6a7acf2
4ca448ec-77fc-4d66-9c5f-3cf51867d023,26f11513-79d8-41df-9d96-40a64154fb38
5b5db5f0-0b36-462a-8cb6-5a781aff2076,ddf48130-1d6d-422b-9042-8b86a0de6fe3
1bf2c257-03f3-457d-9a36-bb9c46b5559d,8d026839-5733-4f6d-b295-58c51e489db5
1aab7f88-ea57-43eb-91ff-d8e9d4971fcf,31fd1eb6-49dc-4f0a-b95d-8d520dfb20f7
75951dc3-4248-47e6-ad28-b9b0ddd18aea,c68bbb50-4eec-4d55-96d6-1f7db58c7342
13c4be12-dd3a-4a3d-88ab-a7c1b468ee28,a34720ab-0cc5-45a8-a174-09a4835031ea
4b2f2d72-3260-4e13-9886-6233a8f80496,48623a86-fbaa-4146-8654-cbef325fe4b2
baf2148d-c0f1-4aac-8298-0f5b903a3c3b,214b9f67-f454-4758-a0ac-fe75ff7f3209
15ee64eb-6166-44f3-91c5-2f26e735324b,b4c4bb2d-5f37-4a47-9925-a1da29d360b1
99e78866-5f47-4ad7-b6c4-f12ce56358ed,c68bbb50-4eec-4d55-96d6-1f7db58c7342
792925bf-4622-43dc-a1b4-04887978ea7b,b4c4bb2d-5f37-4a47-9925-a1da29d360b1
d757f561-a65f-4f26-b22e-ec7c05fccdd1,6a2469a2-a413-42c2-be61-726f8a554022
6b3d2484-cbd0-450f-8366-0e77d2e787c3,75c4d676-b340-4f2e-9466-0010143a0800
86333565-0bd2-485c-ac3e-6a16a08a84ff,75c4d676-b340-4f2e-9466-0010143a0800
3727afd7-2bca-40a1-a457-27731dff9314,514ceaf1-3de0-4f5a-adb4-dd3acc5c02a2
a175841e-bf30-4311-9687-8a5b80dba4bc,6d47bb6c-5028-46e4-b006-c8b1efbbb8cc
54889e73-a00a-4adc-bf17-ec0b86367ec8,514ceaf1-3de0-4f5a-adb4-dd3acc5c02a2
f10ffb14-8279-412c-89f3-658a3e32a5ea,514ceaf1-3de0-4f5a-adb4-dd3acc5c02a2
7c91d3fa-9fc0-4450-8e9d-97f93d127806,7601e7e8-b86a-47ad-a86b-8110695007c5
7785c651-1b20-4f32-aca1-e46d7c45a5d0,6d47bb6c-5028-46e4-b006-c8b1efbbb8cc
0e902b00-dd3b-4524-ae94-9238074413a0,75c4d676-b340-4f2e-9466-0010143a0800
80599dbb-83be-4a21-aa20-bc75dcc8f0d8,6d47bb6c-5028-46e4-b006-c8b1efbbb8cc
cfee9f3a-2f27-4b4d-bad7-6fbe30c806b4,d0d0d305-053e-4f3b-98f0-1d74e2da3e76
b2380899-a529-461f-9ee5-fda4012953ec,68394f25-cb88-44fe-8875-d3ddc4a7b4d9
5961ed0b-5802-4059-b93e-4eef4b6db230,214b9f67-f454-4758-a0ac-fe75ff7f3209
1f1097a9-5561-40ac-af49-9dcaaa874aa0,b4c4bb2d-5f37-4a47-9925-a1da29d360b1
e60a9f7a-3bd6-4dd3-857e-8d7e0e6933c9,fa0366e8-4d98-458c-a210-6ca90fe1241b
d261aacb-5d6a-42bc-87a1-cb65fe84f86c,b4c4bb2d-5f37-4a47-9925-a1da29d360b1
eefc921d-5dbe-4603-a064-6dd4437e42f1,fa0366e8-4d98-458c-a210-6ca90fe1241b
92b03d79-e50c-4caa-8292-dc38e1c070af,8c7f1a27-b976-439c-8946-89478eb2d8ed
b6a56dc9-baf3-48dc-9833-3e664a417fe8,fec16d36-da58-4e68-bdf3-9da70fbec0e7
db82c2ef-48d9-4207-a51b-cb2f48f11734,8c7f1a27-b976-439c-8946-89478eb2d8ed
11eea256-df5c-4834-a323-7018df1813f2,fec16d36-da58-4e68-bdf3-9da70fbec0e7
1a00d0fc-245f-43bb-898e-ef7226840db7,bbc3048e-2322-45d3-93d0-3dc45af0a8f7
438a8e1e-634c-4aea-bc79-3cf02f52a1a3,c68bbb50-4eec-4d55-96d6-1f7db58c7342
a1b23c2c-2d08-4016-880a-43ec56546e0b,8c7f1a27-b976-439c-8946-89478eb2d8ed
38cf23f4-4c81-40e3-9ddf-9eb6cfe2a258,8c7f1a27-b976-439c-8946-89478eb2d8ed
20846e9a-bb29-4177-b2cd-b4a2e97698f3,5fe9f33b-01e5-42e2-9766-869745bd3379
1618047a-5171-4d26-92c7-bad3cde7ab85,7601e7e8-b86a-47ad-a86b-8110695007c5
5fbee84b-45b3-4d06-a143-d89c247d8aa1,7601e7e8-b86a-47ad-a86b-8110695007c5
e66992e3-be80-40b0-8292-f73d58b39988,2ec31513-95ea-4e39-8b09-a0a3e9dcccc2
3711e34a-2664-4fb4-8773-a0a350350e25,d0d0d305-053e-4f3b-98f0-1d74e2da3e76
ba47f8ec-d0be-4f58-b1d6-32d19f680d4a,a93c185c-d21d-48cb-b563-b4b581243939
7cec33da-8b78-4fc2-9421-929cfd63882e,d0d0d305-053e-4f3b-98f0-1d74e2da3e76
eac192d0-35cf-4ae3-80d3-d3ae3f5ac851,d0d0d305-053e-4f3b-98f0-1d74e2da3e76
ccc479d7-e691-49c0-aa4c-1751780df12b,cf208db8-b911-48a4-a6d5-daaf0bc73875
36f2d0c7-0f12-4f74-b997-2d7dac0421c2,45abd67e-86ad-407c-b7ae-27fea55d8cff
b779df48-d757-4b92-9197-9c56ac542fdf,ac5b22bd-dcb6-4013-ae9f-7a5aa8e6de8d
6741d255-45aa-4366-b36f-164a355adad3,5fe9f33b-01e5-42e2-9766-869745bd3379
17354493-788e-4194-9e5c-6c635729e1a4,cf208db8-b911-48a4-a6d5-daaf0bc73875
bf3fb1bd-93e2-48d3-a31a-c6f21a857585,a6229b6e-6799-44cd-986f-577d087d414d
f72f11e4-a19e-47f4-9281-16bc7e17b21e,bbc3048e-2322-45d3-93d0-3dc45af0a8f7
e8900265-7701-4cfd-97aa-45c0f64b913e,6aae297e-665c-416d-be8d-48b92dca189a
9b0345f2-bc0c-493d-a14b-8a451eff09c1,49ac817a-93d1-4e57-9c0e-75b71e0c81d7
cf95db4a-f23e-4d76-bf78-f7fa396a7f84,20ef974f-8929-4a9a-8b72-04b46ff22b32
d5c670e9-240b-45d0-ae7c-8b1eeaae049a,cf208db8-b911-48a4-a6d5-daaf0bc73875
8af86631-fc51-487a-bcde-82ccd3aa4266,97cfa570-e380-4662-9ef2-236ec200d4c2
c65feb40-7ed2-4aac-8e67-1472ea9d6992,58d3f394-7fdc-40ba-9beb-6ef9e8acd73c
28b06fd4-67f3-4ea2-ba86-ede49e62a069,58d3f394-7fdc-40ba-9beb-6ef9e8acd73c
3750eb06-1b9c-4ab1-8f1c-8b736aec732d,58d3f394-7fdc-40ba-9beb-6ef9e8acd73c
364de845-5211-40ec-a12c-e8abf8b9ce0d,97cfa570-e380-4662-9ef2-236ec200d4c2
389af1e7-370b-45ce-b98d-fd00d7671f49,d73e9aa8-e130-4167-9a73-ffd5fd455e20
d345f21e-e876-4dcd-9445-9d8cb9676f98,214b9f67-f454-4758-a0ac-fe75ff7f3209
6be0d654-e3ab-4842-8324-b8f4946aec8e,b194984c-c46c-4ee8-b02b-8c5cc40e217b
a923fc3b-18af-4b55-bd76-06ae7b868299,45abd67e-86ad-407c-b7ae-27fea55d8cff
17f9e045-30d6-4880-aefc-5f55ce99d763,d73e9aa8-e130-4167-9a73-ffd5fd455e20
f6333ba7-014e-4eea-b26b-ab06da4a7701,fec16d36-da58-4e68-bdf3-9da70fbec0e7
4c2c7e4a-c1b5-411a-ba4c-ab3660a3a303,fec16d36-da58-4e68-bdf3-9da70fbec0e7
b9029449-ee80-414c-91ea-3757e5d88fab,d73e9aa8-e130-4167-9a73-ffd5fd455e20
5d9a900f-86e6-4d2f-bf93-95df82d48cbd,fd2c0f1d-1c67-4e8d-8e0c-8196df81c909
b1878e45-fb5b-4898-a572-5673149b44a6,2625a79e-a65a-4580-ab11-23d49918555d
3c87e059-f6b1-4f59-84f9-490639d3ad28,7601e7e8-b86a-47ad-a86b-8110695007c5
a283667b-cd23-4d71-939f-998a1b1f37dc,7a85d3cf-f792-416a-ae4b-eef835bcbbc4
09f824d7-0088-49d2-8fc1-1647a4b85078,1572896c-5d63-4369-b963-f51e5f5a6ad9
b491409f-812b-47a8-b188-fa04b2bc570c,1572896c-5d63-4369-b963-f51e5f5a6ad9
53dd1db9-4d48-4c2d-80ab-e06bdf56dfde,20ef974f-8929-4a9a-8b72-04b46ff22b32
48d68f98-b276-4bf2-af95-8cdf905e5397,1572896c-5d63-4369-b963-f51e5f5a6ad9
193f5146-e47b-4d16-be50-33171fa83054,58f46d50-05a8-4649-af8e-2089bcdfd7a9
a8ac772d-68db-4950-8654-3693921a2b43,45abd67e-86ad-407c-b7ae-27fea55d8cff
49c6d4e9-32cf-41c1-9fdf-c9edbc70a14e,82862f1d-222e-4665-a88a-199cf7855ead
a67f585e-35c2-48b6-90c6-ea7976f09871,82862f1d-222e-4665-a88a-199cf7855ead
c3de9008-251c-4251-9de1-618b87740d34,1da98c06-8f68-497c-9280-19787746bd25
9ec24e32-1251-49ef-b9bd-e7b8be13ae75,45abd67e-86ad-407c-b7ae-27fea55d8cff
9508826b-f73d-41d1-bfa8-e0c4421510e7,2ec31513-95ea-4e39-8b09-a0a3e9dcccc2
3b7d861f-d313-47d1-98b7-94aeaec41f42,26f11513-79d8-41df-9d96-40a64154fb38
8a835532-f459-45fa-a91a-32fa0f5093b6,5fe9f33b-01e5-42e2-9766-869745bd3379
299ebe3d-d7f5-40a3-8ffe-2c6fd9d4133b,5fe9f33b-01e5-42e2-9766-869745bd3379
9d5360a4-a348-4f2e-95a3-06f0e7359328,58f46d50-05a8-4649-af8e-2089bcdfd7a9
b3eca05c-8611-4768-aac8-d7bf11f1dc61,cff696b3-ba46-4875-9e3f-0b745053589c
6645f336-0cde-42d7-b7a8-7f59b45dc7b1,cff696b3-ba46-4875-9e3f-0b745053589c
235b8921-30f9-4601-b6cb-da4596fe3195,529aca3e-339d-4176-95e4-1240912256fb
5c41b53e-eb7a-4165-831d-c5ab2c1eeb54,529aca3e-339d-4176-95e4-1240912256fb
1159cbe8-f5e0-4f94-a66f-67e4bb220917,26f11513-79d8-41df-9d96-40a64154fb38
38e780ed-e16a-4a16-a5b9-26a47981a2b1,cff696b3-ba46-4875-9e3f-0b745053589c
7bbf0383-f4c9-4332-9b24-3b7f0d8cb81b,58d3f394-7fdc-40ba-9beb-6ef9e8acd73c
cc5bde41-59b9-489a-97b7-5ad18d89fd9c,cff696b3-ba46-4875-9e3f-0b745053589c
2a7fd380-b22d-4bb2-a3a2-ba88f160f790,529aca3e-339d-4176-95e4-1240912256fb
ab18b384-272f-4c15-96ff-0a96d415c94b,08ae1160-5f88-4bfd-83fa-5925f0545da4
42c43bb5-b644-46c3-bbc2-7ebb763876ca,91c706c1-fa7a-484a-90fd-d83290244ca1
6940d910-a7bc-4b2e-8706-d6eb36628099,2ec31513-95ea-4e39-8b09-a0a3e9dcccc2
25a7887a-5c7c-4ef5-9c36-952fe6b3cbf2,a930ec91-164a-4661-af0f-5ff1c6687576
bcc7a837-6924-4baa-97f9-12ed1cda8e29,91c706c1-fa7a-484a-90fd-d83290244ca1
c01f56f0-f014-479d-9b38-1d022dd494ae,6aae297e-665c-416d-be8d-48b92dca189a
b33b5710-3433-45a4-87e3-3af420ca93c9,1da98c06-8f68-497c-9280-19787746bd25
0abdc8fc-a4ba-4ed9-9365-6b09e37fe4f8,6a111f94-a596-4b7a-8a78-8406e215b740
9ca51a75-b931-4d40-a50e-8fb6f0a34f61,53c21ae6-ae33-4e11-ad9c-760582143a39
8f68888e-c036-4261-ae6b-4bda576d32ca,1eae4e1b-afb0-4b57-8e4c-2679c990740c
7dccf4a6-21b0-4a2f-afd1-0b7a9b95b882,53c21ae6-ae33-4e11-ad9c-760582143a39
c6c06081-fe9b-48bf-b6e8-b572cd874b68,40ebafed-946d-47c3-aa65-96cd79263cdf
e3e24ad1-1f5f-48e4-9e24-9514088e1e67,92ccd218-12d4-469f-97ec-eabd322a2e01
1fc2f2b1-b22b-475f-bc78-c74a4044a26f,92ccd218-12d4-469f-97ec-eabd322a2e01
bcc916bb-d362-4343-a605-461a492d19e3,8398ad42-c9a2-4b39-adef-ccf503048935
08b5a6b1-9531-4bbf-ab7c-fb8b7d166e34,5fc801c8-ba89-4fea-89ed-168310099ef2
9ab44a93-a761-4514-92f8-8ffefaeb61ef,20ef974f-8929-4a9a-8b72-04b46ff22b32
37c8fbf1-92c1-473e-81f2-25789293a781,7a6226e6-62c8-424c-b2b3-0715b67cdbae
301db924-1b95-4365-9796-193693845ab8,00872132-7a84-41ed-a77c-e73a62dcdac6
c360f46e-0e01-4605-8a4b-ebae8fb059a9,6a111f94-a596-4b7a-8a78-8406e215b740
4f80aa80-15f8-4013-ad01-724999e8d100,ab2c9731-9cc8-43d3-8adf-006f7844e57a
00f0ce73-38ec-4df7-8a4e-f167484ee389,7a6226e6-62c8-424c-b2b3-0715b67cdbae
cb46296a-0791-44d9-af49-39f16cf79dc1,00872132-7a84-41ed-a77c-e73a62dcdac6
0e2f72b8-3f49-4756-ac5a-ff7c177f73fa,40ebafed-946d-47c3-aa65-96cd79263cdf
0d12f7e3-4712-41a3-b9db-dca423ca6ba9,00872132-7a84-41ed-a77c-e73a62dcdac6
0eaa785d-95d6-48e1-ab2e-00b538441f37,6a111f94-a596-4b7a-8a78-8406e215b740
881d6c39-07d7-44df-a422-dc499e3dd992,7a6226e6-62c8-424c-b2b3-0715b67cdbae
4f33b111-fc25-43dc-9445-b966549b90c2,bb5281f5-5448-453e-af6f-724456e5c21b
a0818f33-dc50-43bd-98c4-54d2334216a2,ab2c9731-9cc8-43d3-8adf-006f7844e57a
05aa2ac2-1ce8-42f1-b521-62df51620125,7a6226e6-62c8-424c-b2b3-0715b67cdbae
201e28d1-cfa4-43d2-a986-1ac0ac223c4f,1163bfd6-eb99-4f3a-8472-f07151e06390
8c661716-94ce-4778-b936-4c86725796fd,bb5281f5-5448-453e-af6f-724456e5c21b
4fdc525b-1e95-42bf-8948-6c6fc65f0124,11e3b8d5-87ee-4c47-ab7c-5a50602c4168
51348bd5-14e1-4846-af6c-e6e4ab180261,9e7a63c7-ec07-4a25-a131-929cfefb3942
c159924b-28cb-455e-b105-ee25b48c29d1,e4f14bd4-d3b1-4d2d-bfdd-957d10da4cc1
a5eea9dc-ac3b-4fab-9dee-ff5071dc5ed1,5fc801c8-ba89-4fea-89ed-168310099ef2
bedec0b9-6466-4bd6-8ee9-a3c994793c8b,11e3b8d5-87ee-4c47-ab7c-5a50602c4168
03b39580-7d7b-47fb-8c39-f1cecc77758d,50da7f82-d1f9-4e58-9110-ce73d11c2b8a
00f46ba0-a034-4e9a-ac4d-5bb8fbbb5f65,11e3b8d5-87ee-4c47-ab7c-5a50602c4168
556f635f-f802-4bdb-b487-c6ce749d696d,bb5281f5-5448-453e-af6f-724456e5c21b
23742d1f-26b5-483e-9d93-6284939d2c5e,9e7a63c7-ec07-4a25-a131-929cfefb3942
da8d7b18-c7a3-4531-a0c0-15541c3c66f9,9e7a63c7-ec07-4a25-a131-929cfefb3942
bd44a29f-c308-40b3-a944-b9dae795c73b,e8022f25-5833-47c0-8e23-bb54c23ffa4a
f2bae508-f3bd-49d8-baa6-9c726ed5fd43,50da7f82-d1f9-4e58-9110-ce73d11c2b8a
45e52e82-cbf4-41f3-866e-01b6277b3747,11e3b8d5-87ee-4c47-ab7c-5a50602c4168
89e116a0-f651-487b-beae-0052c0cb47bc,e8022f25-5833-47c0-8e23-bb54c23ffa4a
500ef1a1-3f1a-4673-926d-66ceb8e42624,bb5281f5-5448-453e-af6f-724456e5c21b
279726ec-96e7-4323-968e-dab67c1ace97,a6e8b9d3-dffa-4fe6-95b4-79cf37e2af63
d2f104c6-dc82-444c-a48c-52ad88c712e6,08ae1160-5f88-4bfd-83fa-5925f0545da4
f84972c4-680f-498a-ad93-38a239f16263,2a1ee6e2-920b-4c4d-94d0-dcf67543f1e8
901fda87-141a-4cc5-a685-33ee2300916f,08ae1160-5f88-4bfd-83fa-5925f0545da4
3fae06f0-993b-48f5-94a5-636f8af7b662,08ae1160-5f88-4bfd-83fa-5925f0545da4
e3864334-e799-4512-a494-4ae572b2977c,d555f00a-40ac-468a-8ea9-6bbd417ba52e
11d68934-3cf8-4760-9242-d35aec4eeb22,d555f00a-40ac-468a-8ea9-6bbd417ba52e
088f06bc-e79c-4556-bd27-06830dfadd27,d555f00a-40ac-468a-8ea9-6bbd417ba52e
a767bdf5-1c37-4cde-b5a4-185297f5f00f,2a1ee6e2-920b-4c4d-94d0-dcf67543f1e8
c2132cdc-6588-4c9a-b03a-ee34d6b3b87a,20ef974f-8929-4a9a-8b72-04b46ff22b32
874b1fc5-6382-42f8-8ad1-227890afb72b,15df8dbe-8ce0-41ea-bdb6-20ad87ea2fc4
4cc1399a-4b60-42a8-b53a-81503e4e3d8e,9543869f-2b0c-4d9f-be4b-aa439e6df5bf
5fb1939b-c656-4b9f-9554-e826bda59469,15df8dbe-8ce0-41ea-bdb6-20ad87ea2fc4
dd9fe5a1-8d94-48b2-a56f-170146f69850,15df8dbe-8ce0-41ea-bdb6-20ad87ea2fc4
cf290e2d-1f66-4e5c-ba8e-9d140c61a8c6,15df8dbe-8ce0-41ea-bdb6-20ad87ea2fc4
018c40cb-3fd6-4a71-a023-0dc8b0b34592,9543869f-2b0c-4d9f-be4b-aa439e6df5bf
7572e9d5-4cdb-4e24-a2b0-db0903e12463,fd2c0f1d-1c67-4e8d-8e0c-8196df81c909
570121fe-ef8d-476a-a21c-af37e551bffd,c3e5c63d-be0b-4fea-a41b-f1e18c3627d4
5b0f4f5c-97b8-4237-a838-b2eadb13a42e,faac9387-b706-4b20-a63f-c1e8042f23c3
4a19a65d-c450-42ed-90ab-2cf244e62e70,c0eae5f8-8a33-4035-9a38-a05291fa07c9
28c65cc0-78b3-4ae3-96b3-d7514edb0d7e,9543869f-2b0c-4d9f-be4b-aa439e6df5bf
37be71c3-39f3-42a8-bfd7-7c3d189706b1,2a1ee6e2-920b-4c4d-94d0-dcf67543f1e8
b38bbb81-197a-4829-8f73-5e9dcee284ae,147e91ae-2ef2-4a44-9129-97ea213be9b4
f10f0c69-0290-4e02-aa82-a2ceb8a46083,e8022f25-5833-47c0-8e23-bb54c23ffa4a
76d72909-a477-440b-aa3e-973e4ce335bd,2a1ee6e2-920b-4c4d-94d0-dcf67543f1e8
d338fa63-ca38-424b-97cf-820f221fb6bb,c3e5c63d-be0b-4fea-a41b-f1e18c3627d4
016fb49c-b809-468f-8400-e27002cee784,b86d01a8-9254-4c4d-83ea-063078737832
a4adde41-a07a-45fc-9b92-27762d645a2b,fd2c0f1d-1c67-4e8d-8e0c-8196df81c909
078a7dc9-0c1a-4716-9092-8ecd79574049,147e91ae-2ef2-4a44-9129-97ea213be9b4
136d6c5a-912f-4598-9fd4-7b8ab96ce3cd,b1fc13b1-3789-4ab3-bfa7-118f52bf9494
95fa6a48-0bdb-48d6-a720-2a605c0d6aeb,85b78954-a4b2-4518-9b5d-b4098603a587
776fac04-4890-4fca-adc2-d69f72eeb25c,b1fc13b1-3789-4ab3-bfa7-118f52bf9494
701cf3d6-afcc-4db7-8ecc-595025d8118e,147e91ae-2ef2-4a44-9129-97ea213be9b4
05baef59-275b-479a-8ef9-dd70237c74fb,85b78954-a4b2-4518-9b5d-b4098603a587
6b8bc4c8-3197-4ac4-89e4-45f26cfda430,85b78954-a4b2-4518-9b5d-b4098603a587
e9a2a4a9-89f2-4fa7-aabe-7e286805dc9b,b86d01a8-9254-4c4d-83ea-063078737832
b1d9cb77-277c-4a4f-80bb-20c55d2fb7dd,8a9d1c3d-4903-4306-9eb5-8da35ed1026e
9873bbc0-014b-4cd5-a33d-71af90dcb1ee,8a9d1c3d-4903-4306-9eb5-8da35ed1026e
c3ab94d5-c983-4a13-8b8f-b4764ebfe315,147e91ae-2ef2-4a44-9129-97ea213be9b4
af9b54b3-42cc-4e83-9459-6a32a00a5389,c0eae5f8-8a33-4035-9a38-a05291fa07c9
135af965-a681-4b08-aaf4-db84810f39ef,c0eae5f8-8a33-4035-9a38-a05291fa07c9
5991402d-eb45-424f-b170-89cf788de216,263ea321-a451-4703-81bb-ddd3ef28ae97
5734ce92-90e3-4fbc-8913-962694b5bd83,c3e5c63d-be0b-4fea-a41b-f1e18c3627d4
182db8f5-06c0-4e05-b6d3-c6759e3171e8,b7dd03ee-97e5-4681-bb63-acda6964d223
71a37eec-49d1-4dc0-a948-e8edd662bf17,ee8dba8b-7698-4f14-8b5d-75d9ee5e62e3
0e0fe004-8ba4-46f1-b283-a59bbdb1a3b5,abd3cc29-8495-4e0c-becf-f9248672242c
e4f06c17-26a2-47e6-a8a1-4709ea70624d,ee8dba8b-7698-4f14-8b5d-75d9ee5e62e3
d85c0b3f-f63f-4e51-86c4-f6f8894fcb33,e8022f25-5833-47c0-8e23-bb54c23ffa4a
77db8b89-c638-4455-920d-662913fd22eb,abd3cc29-8495-4e0c-becf-f9248672242c
2b9a28f7-5b4b-4a56-9e4b-c53774280910,540e0956-5c00-4ff2-868b-615bafaf4c0c
9812c050-3bdd-4694-90c9-1980cb1e677c,53a05cb1-b9c8-4f3d-97f9-f30b16d78e6c
68c00af7-0091-4c3a-abd8-7c7cc5debb4b,53a05cb1-b9c8-4f3d-97f9-f30b16d78e6c
0fa5c989-bff2-4d49-a029-71da0feb50f8,53a05cb1-b9c8-4f3d-97f9-f30b16d78e6c
c625ab05-e6ef-46f0-bf46-99778130795d,108e30e1-f554-4a7b-b9d3-74ae2cf08504
869b8aab-9eba-4d0d-95c3-e8b088a041f1,108e30e1-f554-4a7b-b9d3-74ae2cf08504
8be38707-d567-47c6-8e15-d2e3d7cc02c0,ee8dba8b-7698-4f14-8b5d-75d9ee5e62e3
f6cfd407-e742-43b9-82c7-d95ba6124deb,634e3ea7-e431-402e-8530-285d4bf01c6d
863c7700-d42b-4754-9b35-e2c7086c0a5b,ee8dba8b-7698-4f14-8b5d-75d9ee5e62e3
789d743f-70f8-4f3a-845c-f0e0653741fc,d9976ab1-c7e5-469d-aad3-030f560a38cd
17845159-2a64-4d2b-9318-c1e9e3c16769,82fc735d-190b-403f-b9e3-239d304d6732
095f5827-37d1-46a3-82bf-7799adf0c13b,d9976ab1-c7e5-469d-aad3-030f560a38cd
62931835-72ce-46bf-8fed-f467e6328b5a,96082103-7e20-4409-bd61-f2deb6fb11d1
9ffb52aa-9a09-4c1f-af6a-811d179b2d78,b52428ec-f7d1-42a6-ab8a-d717df538009
0195dca8-e4b0-4fdf-ad5a-cf061e3dc1f6,82fc735d-190b-403f-b9e3-239d304d6732
8419889d-b3dc-4c08-bf9e-fd1312b0146c,4806dc45-3e3e-4b4a-9a2a-3fb69ddd883d
35f6d5ae-7f90-4d8e-aa59-56d23e295cda,4806dc45-3e3e-4b4a-9a2a-3fb69ddd883d
0978d0e1-6f57-4d04-8760-3e10d08b7922,a07b7ae8-5752-438a-a197-b87a7707d209
74cebdd8-f244-4cf2-adda-dd370118563b,a07b7ae8-5752-438a-a197-b87a7707d209
2a785dcb-9f2f-43cc-b381-722dcd409ef3,b52428ec-f7d1-42a6-ab8a-d717df538009
8cb09090-419b-48dd-bd19-e1eb8da2e9e2,4806dc45-3e3e-4b4a-9a2a-3fb69ddd883d
81db61cb-f60a-48b1-89e9-7469f1d422ce,a07b7ae8-5752-438a-a197-b87a7707d209
b05eaf03-c760-44a0-b23f-84cb5c75a0f0,8a9d1c3d-4903-4306-9eb5-8da35ed1026e
15046aab-1d41-4463-a292-16e65e3e0f2a,8a9d1c3d-4903-4306-9eb5-8da35ed1026e
6769ea67-3188-4a92-aad9-fe93ed3fde1c,a07b7ae8-5752-438a-a197-b87a7707d209
c94c5bc4-374e-4c99-aea1-0ce4642053d7,540e0956-5c00-4ff2-868b-615bafaf4c0c
2199cfe6-cf44-4a01-b2ed-29e6dce9a130,ec4b918d-604e-460a-8a04-ecb7134bcdd7
0c52e125-8355-4115-88df-055cf447a124,faac9387-b706-4b20-a63f-c1e8042f23c3
41518d6a-bcc9-4369-b664-474bbe9e213b,98f7d7fa-c99e-4fe2-b382-b2051ec53935
56bccf1a-28c0-4cc8-861e-c5c0a5dfe42b,3d0a6eac-d344-4efe-aa90-01f397e5328f
608c2826-1226-45b7-8a26-10073a3465e8,82fc735d-190b-403f-b9e3-239d304d6732
32a423be-0d12-4f4f-9614-0ab35d7c7fa5,ec4b918d-604e-460a-8a04-ecb7134bcdd7
7fae2aaf-59f3-4757-aca6-125e9a0a2197,b86d01a8-9254-4c4d-83ea-063078737832
741896ed-94c0-4ee2-9aaa-a50dee8c0dac,12d5ef64-d6eb-41f2-a19f-f464359bac25
f84a174d-707a-4feb-abfb-7f77a1be3289,b86d01a8-9254-4c4d-83ea-063078737832
cbf5a659-ba0c-42e7-8514-afb417f900c6,3d0a6eac-d344-4efe-aa90-01f397e5328f
611246de-6817-435b-86e7-7fe94a4613df,12d5ef64-d6eb-41f2-a19f-f464359bac25
55b2013b-7ab9-4135-b301-9559475700cd,cf8a3413-9991-40c5-b60f-de848c29f0e3
d3530bff-1c93-400b-9a54-d0335715e03d,bfb9e509-655c-44c6-963d-bf13d954fd71
188d455c-0a64-4c73-ba6a-7dafdf67ce4c,bfb9e509-655c-44c6-963d-bf13d954fd71
394af370-b135-493b-adaa-fa0fbf9556a0,c94b76cd-d349-42e8-a4c3-ac042bbbda55
4ef2807c-1617-43f8-92ca-5e3857dc8f4e,634e3ea7-e431-402e-8530-285d4bf01c6d
15e56c6f-1ed7-44fe-ad9e-61df267ab7d3,98f7d7fa-c99e-4fe2-b382-b2051ec53935
46828142-6549-429d-909c-5c115a5648ef,98f7d7fa-c99e-4fe2-b382-b2051ec53935
2c2c5a04-44fd-4db8-be75-0b9a3dc65f60,9bcf4ec0-e875-4026-9e35-7dd9e4310ace
f1125127-9f3d-4ac6-b2b6-1c651b882b2b,ecbc0894-e7d3-4c06-8b48-2790aaf610f4
6d2a9dbd-732a-4ea6-815b-ec42d3280c5b,0b6b6d59-5207-444e-9b1d-9cdaee44f19a
16e3ec81-14b1-4231-b153-d923b7730056,ecbc0894-e7d3-4c06-8b48-2790aaf610f4
38f922fe-56c5-4eaa-a604-2b4289dc7f80,9bcf4ec0-e875-4026-9e35-7dd9e4310ace
74845dff-a768-4ccc-bb97-f430bfe2ab2b,ecbc0894-e7d3-4c06-8b48-2790aaf610f4
15181113-4ab6-4dfa-ae47-b4268d2b5bd0,634e3ea7-e431-402e-8530-285d4bf01c6d
04e0eba7-7026-46fc-82f3-52ca81717b65,bfb9e509-655c-44c6-963d-bf13d954fd71
f2320a2a-e3ce-4c39-8dc4-834e87e57d80,faac9387-b706-4b20-a63f-c1e8042f23c3
bbc214ae-db4e-4afa-8de7-50dea1ddeb5e,b52428ec-f7d1-42a6-ab8a-d717df538009
1d7c0fa7-f653-40b6-9297-a5443893056c,3b76c03e-33d0-4a64-94f6-1aa4e72e998f
136bff98-e524-4931-9411-4513ab9ffc33,cf8a3413-9991-40c5-b60f-de848c29f0e3
523c00e2-23a7-4344-94ba-d3bca6054ae2,8a152e43-71bb-4e31-9d06-a1373a8c31be
c5ac320a-77f2-42f1-9833-4f8cd2a6a0bc,4806dc45-3e3e-4b4a-9a2a-3fb69ddd883d
2181807d-6528-4820-b423-015715c1654c,9607db9a-95de-4e7e-ad41-31d678c7cec3
2c20cacb-c81f-4133-8f00-3bd2f943b946,bfb9e509-655c-44c6-963d-bf13d954fd71
28a32c38-9433-4b8f-86c0-adb4f91397b0,9bcf4ec0-e875-4026-9e35-7dd9e4310ace
ce8e72ec-3731-4455-93ba-8a7533df736c,b8840592-b9cc-43c6-be42-47f1f3964be2
70afce07-d463-4599-a2a9-1d7c932fbdfa,796a46e8-730e-4f56-888f-9865ba3ad692
88373763-4fd7-4177-aaaa-85dd53e46745,9bcf4ec0-e875-4026-9e35-7dd9e4310ace
ad3ad428-ec69-4196-aeeb-e348d31b2289,796a46e8-730e-4f56-888f-9865ba3ad692
40faf4b4-696f-4b40-96e9-815e57b7848f,0eb8e619-6af5-47cd-b47d-701cb572a37e
9c7738a6-071d-4200-b47d-72f0ec1a068c,c1901604-3e5a-4581-9fdb-9e266f34fc38
ce0734ca-2b74-4ab6-8d51-80a55f10a6ce,c1901604-3e5a-4581-9fdb-9e266f34fc38
fb4f87e5-d3b4-49cc-b136-67dab4c71beb,796a46e8-730e-4f56-888f-9865ba3ad692
f1063fcb-8cdc-428a-ab6d-ca34632e6acf,b8840592-b9cc-43c6-be42-47f1f3964be2
daa5b7fd-5945-4f15-a775-f9f5f534aa89,35490c11-2180-4950-ae0f-b6f00515914b
2432d2ac-ac4c-44c1-b6a5-6a981cf8b540,b410de78-63fd-44c3-a086-55ee25cc94c5
f1b065f4-ca73-4ec7-8bbd-b346d6ae87fc,8a152e43-71bb-4e31-9d06-a1373a8c31be
228c1570-f8ac-40f8-9cd9-78c50e9295cd,35490c11-2180-4950-ae0f-b6f00515914b
a6a81600-c76d-4c30-a584-2c9995afff44,0eb8e619-6af5-47cd-b47d-701cb572a37e
d6f785bb-4648-4e9d-aadc-9ec3dab3bfb5,3b76c03e-33d0-4a64-94f6-1aa4e72e998f
220dc36f-9794-400c-8292-97407aa3e24a,3d0a6eac-d344-4efe-aa90-01f397e5328f
5768f149-e40a-455e-a6af-26862fc18420,0eb8e619-6af5-47cd-b47d-701cb572a37e
406706aa-9c7c-40a8-a77d-ba8044c84469,5762d0f0-185b-4031-b1de-611f92c6fbc6
8adf7a5e-1494-490a-9ca8-4979a53b2ef8,3b76c03e-33d0-4a64-94f6-1aa4e72e998f
9d0fa207-d618-4122-953e-81eb1ac8d110,0235d276-f5da-48d8-bfab-991df9301178
f31a7133-da6d-4fff-88f1-389eafd9103e,0eb8e619-6af5-47cd-b47d-701cb572a37e
1484a62f-2c3a-4393-8d53-62cad4b12f3d,8a152e43-71bb-4e31-9d06-a1373a8c31be
296214e6-d61c-453e-92f6-db91fbd3da9a,faac9387-b706-4b20-a63f-c1e8042f23c3
f7ab8ba0-965c-4f13-bc9b-770f4abcd9b9,9607db9a-95de-4e7e-ad41-31d678c7cec3
182cf513-c582-446e-b92d-53a1f7913c57,bcdfa3c4-04c2-443c-b80c-111fd55a2f87
448d1461-94b3-463e-a0d1-09681d9fd176,9607db9a-95de-4e7e-ad41-31d678c7cec3
b1270ed2-9a94-4036-9574-152ec446e0c0,bcdfa3c4-04c2-443c-b80c-111fd55a2f87
8c63690a-fe33-4054-92d5-5a058faf7f1f,bcdfa3c4-04c2-443c-b80c-111fd55a2f87
8b74a084-dd04-4be3-9d9c-1d4747736f9e,9607db9a-95de-4e7e-ad41-31d678c7cec3
ef350ced-2497-4ce4-a3cb-c30d8ee9dc1e,bcdfa3c4-04c2-443c-b80c-111fd55a2f87
5d24a392-3472-4a45-b9e8-e9435c20a5b1,101957df-4aa3-4a2b-9e36-b34348969956
7a03b679-807d-46ee-9f66-e2c020d0ef87,c1901604-3e5a-4581-9fdb-9e266f34fc38
a88d2cb8-d627-4ada-8702-8594f4e56bc4,e3df8ca0-f692-4a60-a611-4066c64e9a1e
e3d36703-f375-49ac-8b26-5cc36b3b5dba,796a46e8-730e-4f56-888f-9865ba3ad692
c21f30d3-791a-46a3-ab21-1f6bcaa7922e,526140fb-c528-47f1-a959-fefb892d21fc
3b702fdf-145a-41ca-a907-cf26c40f67f3,54f6fefe-7272-410a-ab25-b963c7f72616
be9e7c8b-b0ce-41f3-867b-cefdefbdec01,54f6fefe-7272-410a-ab25-b963c7f72616
f70c3937-f6b6-4f19-a939-7e398f11fadb,0e965000-09a6-4ced-b2e1-40d430b2b62c
1703d177-9780-4603-a0b3-9cc476973660,44aeb96a-f334-4b8a-854c-283673b02a48
382d6ed8-a7bf-4534-bae8-64a38e7c36e7,44aeb96a-f334-4b8a-854c-283673b02a48
2033f00e-732d-4325-84a7-9a366d2a7847,5b23f7c2-30f6-485a-8633-46c468ddd2b8
a3990ecd-c986-4a67-9adf-8b9fd6e2d4e8,255aed7a-09c0-41d0-83d8-1593e62772f6
7567ba05-ddf8-47b3-a964-28f31831e598,0e965000-09a6-4ced-b2e1-40d430b2b62c
c8f3d36c-9fde-416b-ba97-a50bf0c31bfc,e3df8ca0-f692-4a60-a611-4066c64e9a1e
c69747e8-e62d-4d47-8d8f-9a1f7b43fdd9,44aeb96a-f334-4b8a-854c-283673b02a48
b94b0144-77e6-4d3e-a2ae-de3f453bebb8,b410de78-63fd-44c3-a086-55ee25cc94c5
dbbe5325-a25b-4c37-be4d-c53747edc7f1,c0813b55-8f67-4019-b138-a54c069a4ebb
582234a5-39b8-4974-b1b1-a7afd81596d3,c0813b55-8f67-4019-b138-a54c069a4ebb
c0b68ca0-e0ce-411d-8f59-c39483cadfb7,c0813b55-8f67-4019-b138-a54c069a4ebb
3a849e6a-48ea-4498-b3b3-31a6e878bf4f,e3df8ca0-f692-4a60-a611-4066c64e9a1e
fda8883e-95b8-4cc0-9059-56be2434c8dd,255aed7a-09c0-41d0-83d8-1593e62772f6
d370b3bc-c69b-4178-b17d-e9508e5ad593,54f6fefe-7272-410a-ab25-b963c7f72616
fa4d584f-473a-457d-a02d-109cd4174cd2,e3df8ca0-f692-4a60-a611-4066c64e9a1e
3801c410-699d-4efa-b885-13e12bd5fc97,101957df-4aa3-4a2b-9e36-b34348969956
23b62aab-0593-4c56-b589-70a2341d9462,101957df-4aa3-4a2b-9e36-b34348969956
457734f9-494b-4f1d-ab1a-dfce3ed61fd5,255aed7a-09c0-41d0-83d8-1593e62772f6
9d0534b9-fd30-49a1-958c-6773bc438f7b,101957df-4aa3-4a2b-9e36-b34348969956
e4c2c4a8-c046-4491-9562-88a169b647aa,b098daa3-069a-409e-8975-ecd1d68faef5
817dfc19-5a2e-4ad4-bb9e-1b103899e49e,c0813b55-8f67-4019-b138-a54c069a4ebb
7f2abc85-d50e-4d3e-9d7f-053e35bd58b5,8d40d611-4de2-47be-b7af-8ec914c7e80f
1b699b9e-f83d-43d1-bb2e-75c5cbd09df4,4d3a1edb-c453-428b-b633-97bf8b6fd186
12f33561-2420-4d2a-abdb-165fecde7622,54f6fefe-7272-410a-ab25-b963c7f72616
043655c0-2d5f-4d42-8c49-6c8de9259337,8ee63e87-a247-4b10-aa35-e65a1390b741
16bbdc3f-922a-4ef6-b90b-b9453d8797d4,8ee63e87-a247-4b10-aa35-e65a1390b741
78ae3994-01e9-41b9-9a06-906ff89b8ec0,e098f3f1-94ed-4b36-91d6-92280147f59c
ff3d8198-ff62-4ab0-9817-b6949d2abcd1,8ee63e87-a247-4b10-aa35-e65a1390b741
56b21e7f-02e8-463b-ac8f-96ded2192748,385e2dcd-4669-46e7-93d3-9b3fa642c7e6
ac90a6d9-bca5-4afe-8b66-361756673c76,60127989-1362-4742-be2c-b3c0c2a63d34
a131e220-1e46-40ae-842b-37fe6f3b0afc,385e2dcd-4669-46e7-93d3-9b3fa642c7e6
3276caa3-dd64-44ce-b203-787c6f155635,5b23f7c2-30f6-485a-8633-46c468ddd2b8
0fae375b-8d41-4cdb-b2fd-e233a4635118,cd16e992-fcb1-42c9-ab72-e47de75c2177
9e060fc6-8a1d-4755-bc5f-c573ac085d6a,4d3a1edb-c453-428b-b633-97bf8b6fd186
a9fbe79e-4017-4b58-b6ef-1431670f35d5,cd16e992-fcb1-42c9-ab72-e47de75c2177
4bbd6bc8-66a8-4199-bd53-b4f6aa061209,60127989-1362-4742-be2c-b3c0c2a63d34
a811f208-2472-4271-89fc-123ce8784548,e098f3f1-94ed-4b36-91d6-92280147f59c
08d5e003-f88a-42f6-8e5b-5ca4f82abe14,60127989-1362-4742-be2c-b3c0c2a63d34
4afb3ddc-4ae2-4de7-9e6d-fff8b3c28210,cd16e992-fcb1-42c9-ab72-e47de75c2177
64786c3e-e031-40dc-8a40-40535addbb52,60127989-1362-4742-be2c-b3c0c2a63d34
9e748cfd-2d5f-401d-bbb6-9eadc4ff417c,c64b400d-8618-4255-a3f6-07a893454247
188a7d0d-ef71-49e5-a37f-14b4fd13fad6,0e965000-09a6-4ced-b2e1-40d430b2b62c
cba1e8ef-a665-4984-9b76-fea5f09cd36b,c64b400d-8618-4255-a3f6-07a893454247
2e77c9b5-735a-417a-81cd-826e37f820ef,cd16e992-fcb1-42c9-ab72-e47de75c2177
77876fc0-d3df-45a0-9c03-94302f377eb2,876ddd37-8a1c-4fc3-925e-5ed485626401
8533de96-c2bd-4d9b-8e95-ff82da2dfba5,0e965000-09a6-4ced-b2e1-40d430b2b62c
3392d19a-119d-4f6f-95f9-1941cea6940a,876ddd37-8a1c-4fc3-925e-5ed485626401
afad208c-c83c-406c-b5f8-6a8d68cec769,385e2dcd-4669-46e7-93d3-9b3fa642c7e6
dfd660cf-a8f8-4a03-b786-cc5eb3fd481d,6f5458f3-6393-4c9e-b555-2cd30b09a3f8
058ad11e-4865-476d-bc1e-1f58b974066b,9e93ff64-674c-4f96-af48-23274f4b4b01
f49304c8-c6d6-4771-ae1f-d4769cfd615d,1ae76fa4-6333-48f0-9062-544165657569
7055df58-8c9d-4ac4-b8bc-de8630835ff1,214f27c4-758d-48f4-a148-6b1f39483267
3f967ed8-9691-46cb-8905-dd5db47dfce8,b410de78-63fd-44c3-a086-55ee25cc94c5
b1964acf-62c0-41e8-bae2-5ee0d6055ecf,b410de78-63fd-44c3-a086-55ee25cc94c5
0e52726e-6710-478c-b25a-7c73d5775786,9e93ff64-674c-4f96-af48-23274f4b4b01
a3d166e6-0774-4907-aeac-ee757cde5044,c64b400d-8618-4255-a3f6-07a893454247
cde70837-9641-4bf4-a9b9-8fbdfc97d0e3,3c1d0013-7877-4459-9eb2-29283229c225
96b607f5-19f5-4260-9e85-715dacf326d8,19eaa998-ae82-4549-badf-6f8304f3e8c5
2b852cbb-0b05-4a07-9c05-e2d5be10cbc6,876ddd37-8a1c-4fc3-925e-5ed485626401
f3a9e3fc-4f6c-4eb5-bfaf-7f60aa6d6055,876ddd37-8a1c-4fc3-925e-5ed485626401
98f22b26-c851-46b4-ad07-95dbf8dea4d8,9e93ff64-674c-4f96-af48-23274f4b4b01
c8d13ca0-e1e8-4dce-acd8-fdef96785f17,9e93ff64-674c-4f96-af48-23274f4b4b01
d82cbb08-1061-450f-8719-e2bb38cc9c09,73ae72e5-e9fa-4654-b0b7-6929a53b2b0a
c1b95193-bcdb-47e6-a615-e91c7c591310,140990d2-c415-4861-8784-38fe1b7cac76
fa50da2e-314c-416e-a3ed-83f65f699431,140990d2-c415-4861-8784-38fe1b7cac76
778075e4-1670-4deb-bc39-b3b4ef82e64c,6f5458f3-6393-4c9e-b555-2cd30b09a3f8
1a43e935-6d41-43a4-9ee9-48facad15667,140990d2-c415-4861-8784-38fe1b7cac76
bd007d50-8e91-41be-a86b-563351f74764,8d40d611-4de2-47be-b7af-8ec914c7e80f
b40bca04-eb18-4ad4-96a1-4e852955bf14,1ae76fa4-6333-48f0-9062-544165657569
cd33cdb5-d3ce-4e3b-8e62-40abd335bd62,e0b24143-8bd5-4532-a945-3a9111949337
6b1543b2-2f47-43a3-98cf-f753351e58e7,1ae76fa4-6333-48f0-9062-544165657569
d73d4c92-726e-4806-91f4-bc550be8e6e5,1ae76fa4-6333-48f0-9062-544165657569
039fb0c1-0ec9-481a-aa78-7b27d03c8189,0617612c-4f63-4ad6-bb9f-42e5913b12b4
0d357bf1-d0ce-43a0-8080-d64a8327aebe,06a95603-8033-493a-83d4-b54df49017fa
7830cbeb-3cec-4bbd-a405-f7d102e38b20,19eaa998-ae82-4549-badf-6f8304f3e8c5
387398b3-4d3f-4957-94b6-9a4bb7b8f97a,06a95603-8033-493a-83d4-b54df49017fa
e52ecd32-771e-4686-9834-f01c146a9f6e,e0b24143-8bd5-4532-a945-3a9111949337
e7126634-efc9-459f-97a4-e154ad2eb9f7,73ae72e5-e9fa-4654-b0b7-6929a53b2b0a
5d1cd9d8-04ef-41c8-b011-eb3c3ff2b3b1,73ae72e5-e9fa-4654-b0b7-6929a53b2b0a
6d1ecda7-5116-4057-86cf-1bb779530f47,e0b24143-8bd5-4532-a945-3a9111949337
099b620f-60e2-48ee-b283-297afdc8b6ba,6d5f92d5-ad2c-41c0-9b8b-00e513b3249f
9dd8b26d-4067-4ff7-a955-08dc1ec94c48,385e2dcd-4669-46e7-93d3-9b3fa642c7e6
49ec3c0a-1eff-4399-8480-0640eca4790e,3c1d0013-7877-4459-9eb2-29283229c225
7aaceff0-2bf6-40d3-90b6-942003d2c4c2,2d359d51-0ab9-4e36-915f-41b6fd0a91bf
615eff59-6f18-43b9-a233-59fb69cebb07,6b5eb4e3-210c-4487-b1b3-e3b16a1c39a0
25a62135-9297-4fb2-947d-7af358d68be2,a62c129c-27b0-4d84-95b0-8c7d15fe7b0b
d0fead2f-e4d0-46a5-97fe-d1269cf02f14,2d359d51-0ab9-4e36-915f-41b6fd0a91bf
6ae40cdb-994b-49fc-be5f-230854adf4b0,6b5eb4e3-210c-4487-b1b3-e3b16a1c39a0
ee2ed098-c06c-4c27-8a18-fa8fea41d975,a5fcbcfd-1355-40ed-90b6-2f30833e0f58
da02303c-13f3-48f1-94b8-ed7d9a2f4217,a62c129c-27b0-4d84-95b0-8c7d15fe7b0b
d892ce2f-3e29-4f97-b634-e077519ea110,6b5eb4e3-210c-4487-b1b3-e3b16a1c39a0
d8a08c2b-e569-4620-88c4-57d45630905e,a5fcbcfd-1355-40ed-90b6-2f30833e0f58
f476813a-dd1f-4ea6-9763-cdddf4565924,43245500-5ed5-4561-b3be-c6b3945fd01e
862813b5-76e0-44b3-bfaa-824c61f0d956,e6cb623b-e278-494c-9644-c7d48775ba9e
a6104b32-e115-4515-b227-fd9077282b0d,a8e160dd-c5a7-424d-b20f-279f28c50194
f36d3170-f42f-4342-a387-02edf27493fe,617d4cdc-cfad-45ab-8dfc-9db2edb730d7
58dc7a4a-c619-4c52-9d60-43e881052a3c,617d4cdc-cfad-45ab-8dfc-9db2edb730d7
f31764d1-450e-4591-8199-4bf8f2e6e333,e6cb623b-e278-494c-9644-c7d48775ba9e
45a95722-a708-4e02-aece-3eaea650810a,73ae72e5-e9fa-4654-b0b7-6929a53b2b0a
356ed46e-c8f6-4b95-a6d9-c862f66d891a,e6cb623b-e278-494c-9644-c7d48775ba9e
4cf911f5-0ca6-4eb7-b493-9fe56570f25a,2cdd27da-75ce-42b0-b017-519d85f4b3fa
8cec9f7b-64bb-44e5-b5c4-b52de03d31e0,617d4cdc-cfad-45ab-8dfc-9db2edb730d7
e2c153b2-ccd2-4ac2-be71-6bb5986d98b0,e6cb623b-e278-494c-9644-c7d48775ba9e
ab66bd4d-3541-49fe-8e8a-6d3e11b0c881,06a95603-8033-493a-83d4-b54df49017fa
3c524eff-522d-4a2a-84c6-25e77ab0df17,c3470011-73e7-43f4-b67d-ce0f342199ec
94dbdd71-fabb-46dd-9bde-7bdbad42cf50,ba275e0b-fef0-4ea6-a57a-2f77e875d746
f05f2149-0211-447e-9f06-934e99248144,8b7e4040-c494-4e99-94ad-c64948dd54d2
c4322a74-05db-4c5c-ac4f-6fdefe35fcd0,a62c129c-27b0-4d84-95b0-8c7d15fe7b0b
bddeedff-cd76-472d-8483-11469b168e58,7bc31cbf-0283-4d33-80a2-7ecaee818b3f
6d28cb50-0b0a-46e8-97a5-56d95354b8d2,8d14b7df-5c65-482d-8b19-0e8e8d7ce904
883177d4-d4d7-40f1-97db-80b148baddd2,8b7e4040-c494-4e99-94ad-c64948dd54d2
1b8e9b0f-970c-400a-8906-5a948fde6aa4,8d14b7df-5c65-482d-8b19-0e8e8d7ce904
764ca2a3-94c6-4aba-b32b-1182cf414bc0,8d14b7df-5c65-482d-8b19-0e8e8d7ce904
c59cb386-edd7-4041-81cf-e85ca23fcafa,6d5f92d5-ad2c-41c0-9b8b-00e513b3249f
828a6a0b-bf90-49e4-9b77-8e889a172dda,51e1cbcb-9534-4c6b-9b8f-14ef0e1c2ac6
4ed3d561-1b06-4ac4-8496-086ad6274ab4,26d6fd72-f290-411e-95d7-9af9a29c6692
8bd8d8a6-a23f-4ac3-a900-1702bf10b8bf,7bc31cbf-0283-4d33-80a2-7ecaee818b3f
de763ea6-f4cb-42a4-9bc7-188fe365b893,294b093b-a647-4bbc-b0a7-573ad2078acc
504df6d9-caa8-4a23-a306-ce2c1e2ca3af,7bc31cbf-0283-4d33-80a2-7ecaee818b3f
0c8ffe17-9aed-4a3a-892a-fa7e71a0e1cf,9a36e956-32c4-4290-96f2-75e6eedf89f4
39874b71-951b-4a61-95ce-03e1c3920b7a,7bc31cbf-0283-4d33-80a2-7ecaee818b3f
7898d610-9402-448d-b28c-eb2f4d63d7f9,294b093b-a647-4bbc-b0a7-573ad2078acc
8be7c77a-ae00-4a03-9a0c-ff3e89b8e763,558eab7d-5f3f-4d71-8b1f-a6893bfb27c1
e3f5b13f-db69-464b-b16a-4430fed66f67,3d1fcc43-bbe1-4c8a-9acc-a27cf3c27010
a6ff8761-c11e-4e16-a609-567b76f4943b,3d1fcc43-bbe1-4c8a-9acc-a27cf3c27010
0dec4a80-c76b-4bac-9c38-196b983c87c3,3d1fcc43-bbe1-4c8a-9acc-a27cf3c27010
e4d87f03-b314-4711-bc5f-9987c7a56ce0,7a1a546b-6a74-49a7-8c6e-9f2fb88d9e75
c4d1f3aa-915b-4365-8fc7-ec654da326b9,af0bbbaa-478d-47ac-bba0-94c5be007a89
cebc9dee-0688-4744-9598-70b8a8e23d22,294b093b-a647-4bbc-b0a7-573ad2078acc
8c3d2f3b-af70-4965-81cc-90b66a3534eb,51e1cbcb-9534-4c6b-9b8f-14ef0e1c2ac6
6fae94c1-8713-41cb-9f69-8eed4e4e9587,cd95278e-3133-4317-b01b-f558382a3ec3
a88d7a64-8dc7-4d62-9fa0-f16575b11429,af0bbbaa-478d-47ac-bba0-94c5be007a89
91893fe6-49cc-4e5b-a6c1-2d54e6f556ea,c3470011-73e7-43f4-b67d-ce0f342199ec
8007678b-2114-42c6-9c17-3ca077e74d8b,af0bbbaa-478d-47ac-bba0-94c5be007a89
ee55ceaf-ff4c-48e6-90ea-e7cac13a3457,4d3a2024-9c46-48d5-83b2-755441ee38a1
c4aa1b6d-e823-49ce-824c-2e954b33dfa9,9f687cf2-301b-46e2-97fa-27163df5f3ee
e2b13787-93f4-4102-a641-fbae4c5fe794,9f687cf2-301b-46e2-97fa-27163df5f3ee
4f520161-c700-42de-979d-015d129262e5,cd95278e-3133-4317-b01b-f558382a3ec3
d1dde5b5-fe82-48ff-8d45-f74c8a1f9d56,9f687cf2-301b-46e2-97fa-27163df5f3ee
563175e1-660c-4f43-9143-be4bd4d87ccd,51e1cbcb-9534-4c6b-9b8f-14ef0e1c2ac6
a3c09917-f2e8-427c-8e5e-9d1c850df398,9f687cf2-301b-46e2-97fa-27163df5f3ee
2ffcd278-62ec-439a-9f41-f8200e126d78,272e5d48-afa2-4dc8-9d59-94a4e402af27
e56e8fee-a0a2-4de0-99ad-4b301a1f2ad2,af0bbbaa-478d-47ac-bba0-94c5be007a89
495fe37f-0747-469d-8a64-61ce205faf37,51e1cbcb-9534-4c6b-9b8f-14ef0e1c2ac6
e2f4cfdd-cf0d-4bf8-8c4c-8fea2708af81,8b7e4040-c494-4e99-94ad-c64948dd54d2
3aee09a7-0f3c-4cad-a59e-020feed80152,26d6fd72-f290-411e-95d7-9af9a29c6692
11b24b6e-1dce-432d-afb6-31ce78beeb7f,0170c5c6-4f75-410b-802c-25de65a1be6f
38fbc98c-5d84-4c9d-8176-be208fb98a05,35d1dc36-0b27-4d50-a81a-2a9216e32259
c950a7b4-5c50-4e95-8a90-54538d40c1a3,4d3a2024-9c46-48d5-83b2-755441ee38a1
f7281953-aa6e-48ab-bf33-4fb1055f0a09,3101f04c-004a-40fc-a224-e5f07726a91c
49ad5fb5-8371-4f33-b1be-1ec691a64bc7,0170c5c6-4f75-410b-802c-25de65a1be6f
970e233c-f64f-4646-8f01-b959b0e5c31d,4d3a2024-9c46-48d5-83b2-755441ee38a1
db50c89e-b1df-4939-aada-eda2356a778f,35d1dc36-0b27-4d50-a81a-2a9216e32259
e10d7b5c-7435-4538-b475-2a65a349d6ef,3101f04c-004a-40fc-a224-e5f07726a91c
38e7da04-d622-4edc-b0e8-e267e6f40957,c3470011-73e7-43f4-b67d-ce0f342199ec
4f5d9a19-8250-4005-84b1-c4d5e823bb61,35d1dc36-0b27-4d50-a81a-2a9216e32259
593bf4b8-154b-4d45-9b73-2905a6e168a6,b8508a3a-0284-447a-98ae-71ab5d499c43
3282ddae-dda7-4ba0-81e7-e65541de0ab5,3101f04c-004a-40fc-a224-e5f07726a91c
a82539db-ee0d-482d-9b21-ebe6aec3d365,272e5d48-afa2-4dc8-9d59-94a4e402af27
14b2239a-cc5b-4be7-8a94-5bc54ecaa571,bb305693-328b-47e8-97f0-cb3a4db80c71
e77040ce-9183-4b0e-a583-ac3519a3c3ed,8b7e4040-c494-4e99-94ad-c64948dd54d2
cb0e294f-3037-4c46-9d89-728a75ad7e66,d5eff396-e90d-4e4e-b97d-28d55631b576
b55744fd-0ab6-4ec8-85bd-80343179938f,2cdd27da-75ce-42b0-b017-519d85f4b3fa
60b5385f-8a9a-4b1d-a78f-4d374974200d,cf130017-cd3b-49da-8c96-7b4203a29202
4ee35910-af6a-4f2b-b22a-534a894ae0e4,7a1a546b-6a74-49a7-8c6e-9f2fb88d9e75
4e332bf2-f677-4c83-b656-fc79518b24af,cf130017-cd3b-49da-8c96-7b4203a29202
bae26f21-cd90-46a9-9c98-0d1ad4aca8bf,2cdd27da-75ce-42b0-b017-519d85f4b3fa
f01b0d80-33a5-4e7f-88fd-e87b255a2a10,0170c5c6-4f75-410b-802c-25de65a1be6f
9099cbbf-00ec-4441-8b4e-11ae42c5a62f,63d5b81f-7f73-4771-ae44-95fbbc364fc5
ebae68c3-c63b-4f6f-9650-664b3faf6157,b8508a3a-0284-447a-98ae-71ab5d499c43
6a5a7a93-9153-4051-a679-1f49ede1350f,0170c5c6-4f75-410b-802c-25de65a1be6f
ee12ccae-61cb-4376-9757-03de730fd196,cd95278e-3133-4317-b01b-f558382a3ec3
5472614e-fcd0-468e-8af5-0f46e8d9dd18,c90a5c73-0c7c-4c0b-9570-3dc1116fdbc9
cdbb49db-4d67-4d0c-97f5-b666f903f95a,6bd7ed62-1349-47d7-aa9e-737826bc10e4
f93273f6-2789-4f81-94c1-d100c4ed68ae,552321a2-99ee-4204-abfd-9ab098b8d8e6
61687d46-8aba-4395-b4f5-29b20903a895,14322b77-fbc1-40fa-a821-5215aebe7edc
46b7b503-fbbe-4e46-af4f-f22871c376db,14322b77-fbc1-40fa-a821-5215aebe7edc
b079f429-6225-4369-b608-0661a54f66bb,14322b77-fbc1-40fa-a821-5215aebe7edc
9eafde53-b275-46c8-8821-5b985e529d16,bb305693-328b-47e8-97f0-cb3a4db80c71
b2a5089a-8530-4150-a839-b59240d44fed,9b4ff059-4459-4f08-b333-7b93635bd560
9d12a369-bd55-42d8-8982-5ee64959cad6,f7eb0fdf-96a7-4a59-98b2-9a7f0ca87f92
0a506ced-844c-4bcd-af94-7996ee3e8def,7a1a546b-6a74-49a7-8c6e-9f2fb88d9e75
d117aa46-b234-4de6-bfa3-1fb348d59fec,b8b3a510-c14c-4506-8286-47beeca7b691
922210e3-7c70-4df2-8b23-bc035e44df19,552321a2-99ee-4204-abfd-9ab098b8d8e6
4545da9e-f92f-4bd8-b663-3717f72b52a2,591941fc-0e4c-4ff0-a69f-52017332d812
534d7f91-9777-4353-8ceb-310ba251981a,2cdd27da-75ce-42b0-b017-519d85f4b3fa
5ed45fd7-4d36-4aa7-9a18-77ed4badc57a,287ff1db-af2f-4bb1-87ef-a69ff9d7b1a2
b52d649d-db5b-4356-832d-b2a5507911d8,26d6fd72-f290-411e-95d7-9af9a29c6692
2fe6a841-97fa-4974-a8dd-6b9af1ab470d,3491a3b7-7e38-487a-a5c1-04b0838bcdb2
01615cf4-2d59-4c4c-b814-497199da8c46,4d3a2024-9c46-48d5-83b2-755441ee38a1
fa1d4477-b0b2-46d2-aeea-220dfcae8ca3,287ff1db-af2f-4bb1-87ef-a69ff9d7b1a2
06da89e6-7451-4962-8403-537921ba8370,287ff1db-af2f-4bb1-87ef-a69ff9d7b1a2
a412ab32-440f-4fb1-b919-570786c74798,e4ab4a23-727b-4a88-929c-44383a3a9ace
4411ff6f-b78a-4fc4-b911-6ceb4b9ba883,debc92a1-3cc3-426c-80f7-4a5639a9547f
6f272b1d-65e7-4b52-a620-ab66bdb3e982,9d45bec4-d011-4fd1-bafd-13117ed6816e
d518ad98-2df4-4c10-b6fa-53edd360526e,e4ab4a23-727b-4a88-929c-44383a3a9ace
fcfb6832-ed69-494b-b2b7-fcccf509dda4,26d6fd72-f290-411e-95d7-9af9a29c6692
da4d84cf-5fb5-4be1-9ca1-70b1a7e79e01,e4ab4a23-727b-4a88-929c-44383a3a9ace
4d5ad0e9-6f61-4338-a957-c18c09a78d85,9d45bec4-d011-4fd1-bafd-13117ed6816e
a7e84022-7a30-41e8-9471-0acbad8601dc,8238785d-dee4-4d36-a794-95f3329a871a
f8842c4b-b656-490d-84e6-8c7c3ad63bea,c7e2bd1f-b83f-4db0-b934-2aac81b0ddc4
e895aa8c-5fac-4787-b07e-e48670913996,8238785d-dee4-4d36-a794-95f3329a871a
86e4a6ef-c84d-4a68-8445-189f2c78f3d8,bb305693-328b-47e8-97f0-cb3a4db80c71
544ff72d-20f3-4f1b-8af0-22c375a68945,b74c69a5-44cb-468b-a6bc-86be9a6cccc3
90e4a934-a6a3-4ddc-b251-a5efa41874b4,8238785d-dee4-4d36-a794-95f3329a871a
bafc9893-2d56-4143-a27e-0ac502fbf8b6,bb305693-328b-47e8-97f0-cb3a4db80c71
c2819965-c470-4f15-b9c2-62ed16a7c98e,b74c69a5-44cb-468b-a6bc-86be9a6cccc3
8ed21fb7-7675-4e7d-9598-286b17798cd7,1921ef37-82a5-4fc3-b174-45e1144a9c61
d96fca25-1fe3-4c7e-88ee-176409a904d5,957a7eaa-655f-494e-a4d5-9f00ef8f9ad3
ecafa69b-e3c5-4b6a-95fc-396cfc1deacc,354e109a-f53a-4f0d-9777-9ee2fb4f56f2
7c1a77c7-27ec-4a8a-b4b7-0227412e05c7,63d5b81f-7f73-4771-ae44-95fbbc364fc5
851567b7-51e5-4951-8b96-a3151623fbbc,15c386f3-99b4-4c6e-b59f-32cbf3b4ec33
f2177e24-18e5-4f5d-a9af-2f0193e970ce,63d5b81f-7f73-4771-ae44-95fbbc364fc5
c2259393-b6d3-4d3c-b664-05919d253b25,15c386f3-99b4-4c6e-b59f-32cbf3b4ec33
1ecb073e-4598-4dc6-8e31-c3ba00711f00,957a7eaa-655f-494e-a4d5-9f00ef8f9ad3
ba7d0247-8401-4106-8599-3d605e876fc8,354e109a-f53a-4f0d-9777-9ee2fb4f56f2
3ef8eafc-adf0-472f-b2e7-e6fb55fa3998,b6b0cd6c-4dab-4f36-a3c1-33ff02d261e8
e3db9d7f-8f34-4e62-9045-d9b0b1bf4de1,287ff1db-af2f-4bb1-87ef-a69ff9d7b1a2
03c78219-d4fb-4409-be7d-a240081c0c48,dff6c4fe-8e6b-4828-9fc2-655716be03a0
8edde58a-bc0d-4295-ae65-6ec704fc85ee,dff6c4fe-8e6b-4828-9fc2-655716be03a0
5a1cfa09-2f35-41e3-97b0-66a22f4d74d8,1921ef37-82a5-4fc3-b174-45e1144a9c61
b4e572d9-2f6a-4af4-be69-5a3420f7b635,faca3294-f572-404a-b8db-9045d428ddcf
578f65d0-2ce4-4b76-910e-ef11ddc821b6,faca3294-f572-404a-b8db-9045d428ddcf
38786b0b-c1d0-46cd-83e8-6fb54ab61c2d,62bf9a23-b748-4bc3-aa87-dbf8064c08e6
9e3e50df-6ba8-470c-beca-924764ea573d,5f520140-7c20-4662-abfd-852ba6ac22ec
d12a4edb-a358-41d4-8cff-6c8fd099364d,3530044c-5361-4888-a1ed-00bf4504ee81
23fe53d7-e421-4af2-8537-17322fde7334,73724f07-8a59-4503-8960-0e110f6b3e10
89700adf-6209-407e-b480-5d21d9291098,3491a3b7-7e38-487a-a5c1-04b0838bcdb2
393a94d3-6771-41da-b1e4-88b4ba0f0787,5c69372d-b082-4c21-a897-b84867a60b8a
4d0d37f3-59f5-43ea-b049-c6d04393501e,12cb14af-62a8-49ae-8b71-f8b2d5978843
9dd61041-6944-4e5b-819b-ab72af4fad24,3530044c-5361-4888-a1ed-00bf4504ee81
a69f88ca-4a50-4c7a-80fa-c4e43e6b8d27,354e109a-f53a-4f0d-9777-9ee2fb4f56f2
e2a3a9e8-93be-4ae1-a44c-b1fa022a96ac,1921ef37-82a5-4fc3-b174-45e1144a9c61
42579872-3aa1-4ae2-90aa-6e717a505c91,75ed25b3-8510-4b5c-8437-58b50b68975a
8d1ad369-b3c7-4645-b63f-7b7fc373fd80,3530044c-5361-4888-a1ed-00bf4504ee81
19dbbb4d-4628-4c93-9765-0558b58bf843,5f520140-7c20-4662-abfd-852ba6ac22ec
6c5fb58f-c8e6-43dd-b595-affb90afd07a,5c69372d-b082-4c21-a897-b84867a60b8a
435ab6bd-1474-4e5d-ac78-0ec9c17bc078,f8caa5c5-554a-48ac-8439-cac2dbadaff3
ca15d116-e9ab-46a6-847f-8a2246afbd29,f8caa5c5-554a-48ac-8439-cac2dbadaff3
05d3f999-a870-4407-9518-b3384665e9da,62bf9a23-b748-4bc3-aa87-dbf8064c08e6
44e07a28-136e-4729-98be-39024bdb2dc2,b6b0cd6c-4dab-4f36-a3c1-33ff02d261e8
17e5f8fb-924b-42ab-ad76-088102c841b3,f8caa5c5-554a-48ac-8439-cac2dbadaff3
4fe54aa7-11ff-406e-802c-3b1e0ac0b034,62bf9a23-b748-4bc3-aa87-dbf8064c08e6
1fef5d89-736d-4739-9dec-3e9812e1aa1a,62bf9a23-b748-4bc3-aa87-dbf8064c08e6
6ec8733f-5045-4fae-9018-fd4ae32c1551,468c8895-60bb-4681-a7e2-67e726df8ea9
207112d0-a819-410e-ab0e-ea14d2d3199d,c25cc18b-5757-4865-916e-ead50b602bf5
a8226d71-f661-4bd5-8253-5fbb7e56ebca,9e1ec344-9120-46c1-b543-912468d50aa7
e66b843d-0592-41b5-9a17-1e4c46da2464,4ea0dc80-741c-4d88-966f-f77a2d721508
9fb7c31c-153a-478f-857b-f5bd8f2a41c1,468c8895-60bb-4681-a7e2-67e726df8ea9
7887ed54-733b-4c0a-9379-d1b644ea4e56,468c8895-60bb-4681-a7e2-67e726df8ea9
a2e0ff08-80ef-4d03-8a43-60f44c755e53,20a7ab26-0209-4e70-8d22-21cc8c9fad88
d3d08a6e-cad1-45bb-a11a-95a018207f84,8d3c9c7a-e8e0-4a8a-8cf4-892a1cac5526
24ceb5fc-adf9-4982-b7ab-28f4191d76f6,5f520140-7c20-4662-abfd-852ba6ac22ec
147dd5a1-86e3-4cd9-9457-b49590663553,75d68e3f-145b-458b-8f6c-ae5f124f664c
a6e55699-347f-4b83-b09c-f076592fdff3,75eccd7e-6801-415a-b623-3af2cf51c68b
760d5736-1ed3-4f7b-b728-c6253f5e653b,9e1ec344-9120-46c1-b543-912468d50aa7
0aa19bba-4f0b-466c-8134-179fe5337ba6,33ef6f7b-03b6-412d-a231-0cd7fe0fe267
361fc677-291b-4148-b684-b7c380fd8b56,33ef6f7b-03b6-412d-a231-0cd7fe0fe267
27bb1f05-b28d-45da-b5cd-5c28260249f9,75eccd7e-6801-415a-b623-3af2cf51c68b
8207de9e-d7c1-44e4-927c-880732f7e809,3028da87-5982-4083-b5df-4622423c8312
4ddee37a-db84-49b0-8dcd-c6413b8ccc01,75eccd7e-6801-415a-b623-3af2cf51c68b
05bdd709-f0b2-46e8-95f2-1157486179d4,a4ab42b8-559d-4317-9dbd-df1f1c000a55
7ad6a3cb-c172-41f6-99d2-0a2e159ebde4,f8caa5c5-554a-48ac-8439-cac2dbadaff3
99dca74e-9a29-4460-895a-52a90f421801,b18d9def-2117-4e5a-ba2f-ed736d92946f
6f34cbc2-b983-43f9-9f6f-6e995e1dd77c,a4ab42b8-559d-4317-9dbd-df1f1c000a55
87f23b3d-fb4a-4b0f-96be-fc673aec446e,20a7ab26-0209-4e70-8d22-21cc8c9fad88
9ea32a40-6ef2-46bd-bb4a-a5ad344f8324,8dec2ccb-cc23-4352-a093-18e736ed709c
18931106-627f-460d-89ed-f49523bc0f0c,957a7eaa-655f-494e-a4d5-9f00ef8f9ad3
38866251-58e0-47cf-bc66-1834e044a2a5,58a64c07-f235-4444-92b6-4b239c74bd48
3a381184-286c-4e8a-a119-5ae1fa057b9e,8d3c9c7a-e8e0-4a8a-8cf4-892a1cac5526
a78ebf9b-bcfe-4bcf-a6c8-0212cd62a60d,15b81956-4a8c-4cb5-9258-3dd4d63ce22e
a6208de0-bcf3-4494-b27f-9efd73503e79,15b81956-4a8c-4cb5-9258-3dd4d63ce22e
6b2bf96b-6036-44fa-adf1-5e7ab5ac17b1,0ef64726-7cee-47aa-8bed-70529dc6ac08
d0d4eb6f-794f-4201-9ca7-496f3c6e33ad,0ef64726-7cee-47aa-8bed-70529dc6ac08
4755dd61-5e33-48a7-93b9-9dcd71e5ecb1,8dec2ccb-cc23-4352-a093-18e736ed709c
de974104-acad-4b19-b3ab-d613a0621213,fb86e9ad-9fdb-4694-b4ca-439ba3bb4b1b
0821f515-be08-4d56-9c37-2f6f69aacffc,fb86e9ad-9fdb-4694-b4ca-439ba3bb4b1b
efd3e841-85e6-4e2b-87b0-4b285018577e,fb86e9ad-9fdb-4694-b4ca-439ba3bb4b1b
0c6c7cfa-faf4-4dfe-8409-8816120999db,3491a3b7-7e38-487a-a5c1-04b0838bcdb2
7134b239-a4d4-4669-988f-a3bbc2c9910f,53920eb3-a754-421b-a0ae-1ad76f60ae5d
dd547682-9dde-4532-ba72-4653f0b0b759,3491a3b7-7e38-487a-a5c1-04b0838bcdb2
2d2692fe-935f-41ae-9206-e6c0a2ae8b6a,0ef64726-7cee-47aa-8bed-70529dc6ac08
ed6ecc12-8c42-48ea-969a-d1556d28edcf,b18d9def-2117-4e5a-ba2f-ed736d92946f
b962baa8-57f2-4984-b586-a7450202528a,200d3a78-35c0-415d-8cb0-520e8fc8434d
5d481a2a-9539-4c19-a400-485529660c8a,0ef64726-7cee-47aa-8bed-70529dc6ac08
8974c73c-96eb-4d1e-8cef-de66e9322e50,b18d9def-2117-4e5a-ba2f-ed736d92946f
57ee9403-3a46-4559-ae85-564150251574,0af33ee2-23d2-422a-8366-1035fdbfb7da
70d62b66-e6ad-4aa4-b4ff-8e9ba6056c4a,53920eb3-a754-421b-a0ae-1ad76f60ae5d
e53a697f-c7ea-4b91-af6e-275e4dcae733,3028da87-5982-4083-b5df-4622423c8312
99b6420b-bab1-4453-91f6-3402344ca220,b18d9def-2117-4e5a-ba2f-ed736d92946f
3ed1acc8-58f1-4456-8fc6-2c8cc3fb98cb,75d68e3f-145b-458b-8f6c-ae5f124f664c
ee3a3bc5-3a98-4b2a-901e-50ae99d7a9c6,6c8d598e-f50d-47e0-ac35-0fea857bd5a4
afcf30f6-41be-4d21-8227-cc630c63f12c,404ed4bb-610d-4bec-8733-0dfc6ffbe47e
7f79d400-cad4-46c9-9f76-83896b17d191,6c8d598e-f50d-47e0-ac35-0fea857bd5a4
37a9eed1-5767-49c5-ac1e-217c41710189,b97d7317-07e5-439b-bda1-8b900ace1bdc
7aac0539-627f-473c-a179-5562c7c54123,15b81956-4a8c-4cb5-9258-3dd4d63ce22e
59ad3ce7-584c-4e20-bb1d-c1cc7491585e,90400a66-f69f-4970-b727-a094d6715f0a
51d421e9-fbfb-440c-857d-35ae46c0703c,90400a66-f69f-4970-b727-a094d6715f0a
c4698762-30a6-43bd-819e-780568a9a39f,7bee8c5f-7b6c-43fb-954f-a26e1d8ee8aa
1059fdcb-f0b0-41be-9559-7498c3b4eba0,6f4fd035-97b3-426a-9e80-eb7844122db2
87555d1f-b1a7-4df6-8ac9-905cda0e6f40,15b81956-4a8c-4cb5-9258-3dd4d63ce22e
3c53ea74-02bd-43dd-974d-af6d1b398446,d522cf80-392c-4adf-8ccc-0dbcf473e421
ef106b00-e801-4649-b719-98774fd672cb,d522cf80-392c-4adf-8ccc-0dbcf473e421
40d148bf-2466-4382-9053-378a0a4d53b4,3684a945-ce9a-4f27-8b1a-f5d13af1454f
61e1d565-e7b5-4e3c-9794-c8c8ede8dfe5,af196c79-f7ee-451b-90fc-1c345c1b3f55
a79df729-0384-4708-a3f0-7f42ac623bd8,af196c79-f7ee-451b-90fc-1c345c1b3f55
e106827b-d802-4598-b713-ff4cb9666115,55ccd825-861b-4b3c-9b10-dd994089f67b
e190f21e-75e5-49ac-ad78-b5fa893afed1,55ccd825-861b-4b3c-9b10-dd994089f67b
4369db9e-2432-41b9-8cd8-2f19c3eab6cc,b7c1bea9-221c-4479-9493-cf3279da3bcf
a95bd4f3-8958-419a-9e3c-9d498348a337,b7c1bea9-221c-4479-9493-cf3279da3bcf
2c7dd165-26e5-4a7c-964d-7cdb4a6677e1,b7c1bea9-221c-4479-9493-cf3279da3bcf
437b2f53-85b4-4151-9252-78f2692eedb9,d33dbe2e-5374-4681-bf04-1ee2b7574a69
26d1ed55-cc27-4be2-b50f-8cc676719c82,ee9560b9-8851-4042-ac04-6e22ee60aa80
939061c4-ff86-48c3-95ec-d16209d29be4,d33dbe2e-5374-4681-bf04-1ee2b7574a69
b2015359-6f27-4e3b-9f50-6465aa8ffd2d,6c8d598e-f50d-47e0-ac35-0fea857bd5a4
1eb01112-5c2e-4c0b-9317-185b603a4e95,d33dbe2e-5374-4681-bf04-1ee2b7574a69
c574c7f7-4048-476e-8601-2f0fb8138458,957a7eaa-655f-494e-a4d5-9f00ef8f9ad3
33191c90-b4ee-4474-9635-fa64a56a84a7,d33dbe2e-5374-4681-bf04-1ee2b7574a69
ace430c2-9afa-4b53-881c-3b2ac8bfe240,af196c79-f7ee-451b-90fc-1c345c1b3f55
fbf40015-b87e-469f-8d5a-a9573914d62b,b7c1bea9-221c-4479-9493-cf3279da3bcf
4af80270-b385-4125-b70c-e396f1c30d7c,4c25518a-e464-4002-9c49-104d3d8c242a
06a952ea-a7ce-472e-a5e4-16af36699c93,90400a66-f69f-4970-b727-a094d6715f0a
21e3d61f-581c-4af0-8ea1-b1a61673f9e0,c54a196b-10c0-45e8-9bab-9255fda57585
05e1d5d1-202d-4218-bda2-f2ca2c0ecaaf,c54a196b-10c0-45e8-9bab-9255fda57585
293acd9d-aec0-44d7-94a0-b30c7ff56d9b,3684a945-ce9a-4f27-8b1a-f5d13af1454f
eb69ba11-8b8b-42a7-ad99-9a963653a188,4c25518a-e464-4002-9c49-104d3d8c242a
52a7fcf9-9094-439c-84c0-c96cd6c50fee,c30b8e7e-093f-497d-bf00-26a929373a19
92befffe-0a66-4105-9091-13fb65017e79,0c25075b-5500-4273-8812-54aa6eb91914
565ff69d-1af1-4d22-8df8-513a572ab4ee,90400a66-f69f-4970-b727-a094d6715f0a
f22e0968-deb9-4b11-8f3c-cbeb8739a32b,fe3ab52b-1b62-4496-9499-7ccb92f16b5b
2dc64c64-d951-47da-aae7-19d904b07583,c30b8e7e-093f-497d-bf00-26a929373a19
ab7e01a0-36a7-4173-a67d-5ad8315c7170,c30b8e7e-093f-497d-bf00-26a929373a19
78446986-9b58-4da3-ba9a-5c700664db85,fe3ab52b-1b62-4496-9499-7ccb92f16b5b
6c5685ca-38a4-4128-9a1b-588e992d339d,0e4f9b83-3f73-4f99-af59-53fd1625b545
05cc1b0f-d226-4187-a64f-0f54cce372b3,0e4f9b83-3f73-4f99-af59-53fd1625b545
ef6e1027-7af9-43aa-b55c-efd6b7fcb770,ec67ff6a-5a64-48dd-aabf-492b6c47ff9d
6be16db0-80e8-4f7d-a7ab-18e546267e96,2eb98e4e-8d0e-4e5a-ada5-0dfb779a8335
e66faa6c-5ea0-46c6-9bfe-5c110e0c94d3,05327822-c6b7-439e-8bf2-a3883409eb8f
3c6cd12d-e4e7-47d3-8210-bb8a361122cf,c2ceff44-29da-4b12-97e7-394f5945fe39
5ef5329d-0dfd-46fa-b075-b70eef9b652f,0820a7cb-5b55-4c9c-99f5-60b134e98c3c
b8a1bd7b-536b-45d6-a46d-a6474ee7583d,c30b8e7e-093f-497d-bf00-26a929373a19
c6eaccfb-4d81-44b2-92e0-f7e131427924,f7d32553-644c-45af-afb4-669592d0ce23
e3cdf956-c2ae-42df-b333-e7cbce513de6,af196c79-f7ee-451b-90fc-1c345c1b3f55
f9bc1f5c-c84e-4b22-8f66-ae19ece3a16e,eca34be5-824a-47af-a61a-719ba9887975
aed31fe1-b2a9-430c-85a5-83864e7dd00b,c54a196b-10c0-45e8-9bab-9255fda57585
abc33ff9-b242-4d10-b4b5-7ae2d9d76ee6,af026e4c-b194-49a9-8a0d-5274583871a3
05686e8a-90aa-40c8-b966-bfef8a727cb4,d6f0400b-0edf-4e8b-8b68-62f1a4348b3e
871bc584-2a24-40f5-ba79-962b9aad0a12,212cd1f7-ff42-433e-8af6-144d1a84636e
498814a3-4068-4c80-b198-420a57974d2f,af026e4c-b194-49a9-8a0d-5274583871a3
6a3a7936-31f2-4fb3-a984-11ca78c1a45f,115e8404-6cfe-404c-afd0-b5c863afb452
c9be9b7e-56f5-4931-a900-5448bee24f10,212cd1f7-ff42-433e-8af6-144d1a84636e
394371f9-c5ba-4010-8ffe-3acc5ae1dff6,404ed4bb-610d-4bec-8733-0dfc6ffbe47e
cad72018-2329-44ae-a070-fc176ffcf755,0820a7cb-5b55-4c9c-99f5-60b134e98c3c
bf8bda63-eda9-409f-b991-2a9dec246916,404ed4bb-610d-4bec-8733-0dfc6ffbe47e
88da9748-05d5-487f-95ca-bda4cb839e02,62a719c3-10da-44c8-af7a-7be65dbbb535
3b9b5fdd-c878-46a7-a84e-f950aafcd48b,62a719c3-10da-44c8-af7a-7be65dbbb535
f9ff5af9-01c0-4a80-961c-10792be3bfec,115e8404-6cfe-404c-afd0-b5c863afb452
a1b10cf6-6e25-4a2c-a234-ec8bb1fc9740,017f956c-3b1c-45e3-8301-b659b950547c
881381aa-8d48-4914-9f2c-4569beb79689,16a2a191-9573-43d6-83be-4280b4b2b053
8b416a86-1f60-4a27-bacb-e7c033f15178,0af33ee2-23d2-422a-8366-1035fdbfb7da
a940f290-43c6-4733-a532-dafe83694bb6,0af33ee2-23d2-422a-8366-1035fdbfb7da
2f31f900-628f-4a67-bf12-9a0099361cbd,70add9c3-e6e8-4ee1-b821-67f61bd4d2e1
47acbe70-c120-460c-9f5e-68b8d08fd2e6,069c7923-5f55-4435-ad54-87d2e775cb5c
da7bc494-c009-4a37-a696-c1e99c11b994,4b1d5d43-3887-42b3-9d43-22fccebf62e4
8f6ce977-4b23-4341-9918-8848e7a0fc30,05327822-c6b7-439e-8bf2-a3883409eb8f
070d113a-d242-4bb8-8bf7-921a42321537,ec67ff6a-5a64-48dd-aabf-492b6c47ff9d
4ba3cc5d-9e9d-4e3c-9e18-d0a184c7738d,115e8404-6cfe-404c-afd0-b5c863afb452
032b66fd-cc35-4abd-9297-a8c145dd2052,212cd1f7-ff42-433e-8af6-144d1a84636e
6eb73402-2d01-4995-bd6f-a3742a252fec,31b5c4ac-5b2d-4a7f-9103-3df67fbd05c6
c23b1c8d-c791-4b0e-9b57-a911ae6aeca6,115e8404-6cfe-404c-afd0-b5c863afb452
9f92667a-421c-4aba-9ede-5f3e07e78feb,6f828f07-4505-4266-adbc-e0b9a76b5ea1
a5c1a282-a143-415e-9231-6b86a3856f8b,5722f431-d7c1-48e3-ac6a-e77a4d987a24
d37d050a-11e0-4bcc-89c4-fd0e1d067d02,20d31919-62e6-4c9e-9b66-bd4978baabf0
b452285e-c19b-4872-8eb3-bbff7565db49,921f2242-1b7f-46dc-ac8a-efed0ad7927b
ab83299a-3a8c-4a32-b4f0-35ab31a39fd8,6f828f07-4505-4266-adbc-e0b9a76b5ea1
164677f5-f8de-4f2b-8736-eb30d5b61d6f,0820a7cb-5b55-4c9c-99f5-60b134e98c3c
e31cf1d4-c16f-4191-bc61-bbe8d32bccd6,0820a7cb-5b55-4c9c-99f5-60b134e98c3c
bff50942-0450-460f-a435-23cffa6659f3,d4e6330a-fc6f-4503-b13d-30ee714921a6
8ea736c5-7e5f-45e4-8097-82efff9c4127,4895067b-b1e9-4513-953c-c0bf1e2d6434
43699c02-c883-4ea1-ae22-83f9b612a5f7,d4e6330a-fc6f-4503-b13d-30ee714921a6
98379e5a-931f-4474-8cc2-b4bfc0192017,a5b209ae-1927-4402-af82-5ac8b5ec3f2d
2872dfea-316e-4576-af88-327232240cd0,5722f431-d7c1-48e3-ac6a-e77a4d987a24
d30d312a-d4c8-44f4-bc1c-6ff20a2b9164,0af33ee2-23d2-422a-8366-1035fdbfb7da
ec4898d6-1fec-4b31-8b8b-ae42c6560011,921f2242-1b7f-46dc-ac8a-efed0ad7927b
b2cc79d0-3527-4718-bec6-66144973085f,b08058f3-d85f-437e-83ed-5ee0c06c3cf2
fdee6565-1da2-4c4f-b7d9-76dc6b5a6529,b08058f3-d85f-437e-83ed-5ee0c06c3cf2
5d327b07-8ab2-499e-8f5e-da08b296a6ff,eb75d319-a203-4b1a-a6eb-bd4d1a864af2
75b98a98-05e1-49e0-a975-a1088f300faf,05327822-c6b7-439e-8bf2-a3883409eb8f
0e5861b1-3ff2-4bd7-91bb-379ae94f1175,069c7923-5f55-4435-ad54-87d2e775cb5c
8231c4b5-3484-4642-ad26-11e3f3c231a7,eb75d319-a203-4b1a-a6eb-bd4d1a864af2
04353ae7-f523-46e9-a15f-47a3b6ebb660,8756f05f-34c7-4b5b-b66b-300716717b46
fffc4a89-7fdb-43f5-96a9-ded43039d849,5f1987c2-80e6-4ba4-b8ad-6c1630f9a7fc
e24fd21b-7bf8-4b2a-a081-a55ce5e85e30,002a7356-43ac-41e3-b5a2-4e0f19e25544
c41039b6-bfb2-42c3-bb37-486b7b7ff24c,002a7356-43ac-41e3-b5a2-4e0f19e25544
48f81b3e-9507-4176-9d03-b0f92e13e380,05c1014e-8cdd-41bb-925b-9aca32236d2c
c1e23623-2f2c-4c70-984b-c42d3c888367,8756f05f-34c7-4b5b-b66b-300716717b46
15f1a042-fe6d-41a8-ac9e-4f953aead474,5722f431-d7c1-48e3-ac6a-e77a4d987a24
f004982e-53f3-4ef1-977b-6ffb022edbb5,5f1987c2-80e6-4ba4-b8ad-6c1630f9a7fc
a655f645-1da6-4fb9-84e9-4883dc41408b,757c4cb5-1778-42e4-b2ec-b99c30e56895
2ff26a08-af6e-4478-b68e-0fae9b62f1e8,a5b209ae-1927-4402-af82-5ac8b5ec3f2d
c529fce8-4baf-4fc6-8e49-1cdbbeaf5287,e65f17fd-31b7-4e11-9b20-1bc8f82c552c
3348f55b-2629-46b6-be9e-92dedef94ba1,e65f17fd-31b7-4e11-9b20-1bc8f82c552c
4ca2c6f7-a2e2-43ee-9815-85090472b1e7,025a69db-9453-4ef5-9e70-5198981179ef
61736659-9746-43ff-a691-dd6870c7c9cb,44045454-f12c-4d31-a8c4-2bf0fdab9fb7
abf99fd5-aead-4c73-9b6d-892f44400457,eaa61aea-7269-4a1b-a4a8-eeffeaad765a
6052bcc5-620b-4f8c-b2cc-6b7a9050aa02,4895067b-b1e9-4513-953c-c0bf1e2d6434
31c50c6c-b8cd-4c89-9a92-b21b16484335,eaa61aea-7269-4a1b-a4a8-eeffeaad765a
e0309015-29de-4159-a07f-637941989cad,025a69db-9453-4ef5-9e70-5198981179ef
c2f3572e-dfe0-4c61-8ce5-7bdb5463b095,eaa61aea-7269-4a1b-a4a8-eeffeaad765a
f8636bc9-1685-4896-a274-3224f1264939,025a69db-9453-4ef5-9e70-5198981179ef
ae55b636-4530-4f83-b58c-ac5622e6228a,e65f17fd-31b7-4e11-9b20-1bc8f82c552c
98b6519f-878c-40aa-8dec-509496a5eb83,a2b34803-f55e-4bdc-b9ff-7caf99f7cc2d
0a82eff7-db55-406b-a972-d6bea6aaa561,868bafd3-0ff4-4b30-a775-143289e8867b
c91f72c5-85d3-44a2-92c5-7a773a5af565,a2b34803-f55e-4bdc-b9ff-7caf99f7cc2d
a4b88d7e-59ad-4f72-a440-a4e28e330c57,16a2a191-9573-43d6-83be-4280b4b2b053
767b301d-5373-42d8-9a62-0ac120fdc628,5722f431-d7c1-48e3-ac6a-e77a4d987a24
7686fa46-849c-47fd-a8f6-9d445542d980,16a2a191-9573-43d6-83be-4280b4b2b053
4dd07949-5b3d-4a86-a6bf-efff5d8f2fcb,5f1987c2-80e6-4ba4-b8ad-6c1630f9a7fc
70b4e347-3b45-4d83-af9a-646559a00fac,34ee114e-f17d-4a86-b3a5-1dddf4774b2d
aa403f14-c6ce-42c6-a6b2-6d44caeb8192,eaa61aea-7269-4a1b-a4a8-eeffeaad765a
60f2f8d8-1c87-47f2-aacb-e3be107c7539,16a2a191-9573-43d6-83be-4280b4b2b053
f6c47a1e-20b8-43ad-9ed4-f459273b8f6d,24f55460-cdb2-4ecf-aa39-3b8306c31f9b
bccc91f2-79e8-4dcb-8caf-374c36a91541,31b5f833-d999-448a-8c0a-45b769442efa
5b05c860-d8e8-4833-8786-175bc64d4bfa,24f55460-cdb2-4ecf-aa39-3b8306c31f9b
db625311-39d7-415b-a510-9ecaa664216a,757c4cb5-1778-42e4-b2ec-b99c30e56895
012f94df-f878-4bd4-95c2-1298c96976a1,24f55460-cdb2-4ecf-aa39-3b8306c31f9b
eb1ca9b5-a0dd-4aae-ad5f-a10ec0bdc0b9,44045454-f12c-4d31-a8c4-2bf0fdab9fb7
66706407-f6df-4dd4-81b9-4bcbe0e8718b,a2d791f6-fa4f-4cb5-b940-9a6cfb155480
fb95270c-6dbe-40b8-9572-2f634f3042f5,5b929a6a-6e71-4411-a548-8263ad775770
a4be8040-698f-42ac-9c1d-8c2fc1049b45,31b5f833-d999-448a-8c0a-45b769442efa
5a6802cd-9728-4911-92bd-2461ad0a8146,d55cd44b-c80a-4e74-90cd-e864a5bbba88
5642352a-94fd-4334-a80e-64625b5a8232,28d5cc1a-555d-4567-869d-ac44614d4563
c491b397-abf7-48ed-8003-e85b0a6d4214,d55cd44b-c80a-4e74-90cd-e864a5bbba88
f983c66c-b4e2-42fc-9a51-bbb473d49aa7,025a69db-9453-4ef5-9e70-5198981179ef
56390fbe-084e-4819-9332-efd1f1e8eb76,9d0272ca-86d6-45a9-a401-a929e9672197
4d6b8168-bc6d-4b2d-a486-4510a6289796,da8c7d09-a5bd-49b8-9ec4-aa74a3245966
1a9e28a8-d09d-47a7-bb90-3110f63d757c,d55cd44b-c80a-4e74-90cd-e864a5bbba88
e8bfe210-4774-4b30-a82e-b9252623485c,da8c7d09-a5bd-49b8-9ec4-aa74a3245966
b90ce85b-d818-4bec-be36-e236a6fc0b24,868bafd3-0ff4-4b30-a775-143289e8867b
a2f55356-85bd-4544-b23a-4a70e0ae96cf,da8c7d09-a5bd-49b8-9ec4-aa74a3245966
c3686b87-df3d-497a-a582-5925789c374f,f50e9c23-05f4-4019-aeb9-896d147c3e7c
35037731-e6b0-46dc-930d-a3d635bb7fcf,d55cd44b-c80a-4e74-90cd-e864a5bbba88
f3b2a96c-0e4d-40e9-8a36-2a51fac69789,4828db93-747c-4826-b8ae-bbb5045d45c1
edfdac34-7b73-4beb-9586-74027c8f72db,4828db93-747c-4826-b8ae-bbb5045d45c1
19adadbd-83a4-4392-a7f7-fa6f2ea379c1,f949fc6e-cf6a-4600-8293-376d47105c47
195621d1-20d2-4681-b670-ea5f9fdea801,f949fc6e-cf6a-4600-8293-376d47105c47
9fae54ba-ca71-4297-9168-923c332373db,31b5f833-d999-448a-8c0a-45b769442efa
45cad1d8-52ee-4f23-ab27-2cf6216a46ab,d028806a-be07-452a-89bc-d46e96b280be
6274ec38-6acc-4b91-ae9f-21ce2ca05cdc,9d0272ca-86d6-45a9-a401-a929e9672197
5e689934-f1a6-4abd-bfa5-f4e9ec36b66b,34ee114e-f17d-4a86-b3a5-1dddf4774b2d
4a7f1f65-bc1a-4b90-8cbc-608a3aff3246,a0692d4a-d8e5-4d68-a515-0910b2808b2a
779bd567-c20a-481a-8bcd-83359d831d98,10c085e2-bdd2-415a-a46e-b06011ffe8c9
3f9e8c98-7fd9-4306-b2df-35c4e28192e5,e9561cea-4058-488e-b517-4261be536e70
a9b9beff-eb99-4cdc-b883-3af644e13d20,4828db93-747c-4826-b8ae-bbb5045d45c1
512557fd-ad87-4a29-8706-23209b28dad7,10c085e2-bdd2-415a-a46e-b06011ffe8c9
77476039-4686-4aa1-88bf-867387806155,51a3c53d-cbcd-4ea4-a0ca-19e1a8658848
722c1fde-85ce-47d9-8322-25c3be0d849b,51a3c53d-cbcd-4ea4-a0ca-19e1a8658848
887fdf00-febf-4a6c-a04a-5c60e93aca68,e9561cea-4058-488e-b517-4261be536e70
87e55876-76a7-45b3-ace8-97aeb688a173,10c085e2-bdd2-415a-a46e-b06011ffe8c9
d17d4641-1e53-4eeb-bf80-2e2a19529549,083fb5bf-42aa-441c-9596-7bcbdce2fa73
ddd8bd00-ebf3-4855-a051-56a0898e0f71,083fb5bf-42aa-441c-9596-7bcbdce2fa73
8e8dfa1e-7183-4061-a028-d36da1e4aa88,a0692d4a-d8e5-4d68-a515-0910b2808b2a
01409fc0-b43d-485e-8767-2d64182bb33e,083fb5bf-42aa-441c-9596-7bcbdce2fa73
7e1cd681-d29a-497d-b0b6-82ff848e6df1,083fb5bf-42aa-441c-9596-7bcbdce2fa73
d296ba6f-e969-4350-9bca-a7f1762b3dc3,f949fc6e-cf6a-4600-8293-376d47105c47
113869f2-313e-493c-bc8f-ba8df27b1b86,a0692d4a-d8e5-4d68-a515-0910b2808b2a
4ab72979-0fbd-4a94-bdd6-bf9fcaedc00a,9d0272ca-86d6-45a9-a401-a929e9672197
baae5cc8-2139-4399-bf7c-c72e80739033,fea63878-634f-4a59-b7f0-fb73ccfc529e
8b1e3edf-61ce-4e15-ab26-23babd339906,10c085e2-bdd2-415a-a46e-b06011ffe8c9
b1c258ca-63c0-44c1-ac0c-11a810da58aa,4ae121cc-845c-4661-bdc7-b666ccf955a2
97b5bd2d-14c5-4308-888c-820f6eb01b17,e9561cea-4058-488e-b517-4261be536e70
043900fa-bf1c-425e-bf27-f241366f2597,e9561cea-4058-488e-b517-4261be536e70
2422b4a1-dcb2-4eba-b39a-11f9682a2413,fea63878-634f-4a59-b7f0-fb73ccfc529e
6fa63fbd-3916-4403-aba3-781d7b3072ad,fea63878-634f-4a59-b7f0-fb73ccfc529e
ca392028-a57a-4892-b9cb-6e9e2a4a9473,fea63878-634f-4a59-b7f0-fb73ccfc529e
3fd7eb7f-8036-4b7c-896c-bc7d162e52d9,f949fc6e-cf6a-4600-8293-376d47105c47
efdcf996-3378-473a-bbc0-4ed78e5fd24f,7bce9632-1945-4257-a591-0833767b7564
0a848320-40f1-497d-a863-524d33f2deea,8286550f-1eb8-4e68-9b19-e184a55d9a0c
145326a4-b55e-4026-a528-beaed25cd3f1,4a9d1a3a-d1bb-472d-a519-88c6c8d553c3
4c22e541-a91c-4efb-8699-d7630ead6c00,b8f8ebae-903c-47be-ad85-8636f0dc7b9c
24d5b64d-6c66-40dd-998c-59067e69e156,34ee114e-f17d-4a86-b3a5-1dddf4774b2d
821fc06d-c34e-444d-b78b-7704c37bc64b,0923651e-be9b-40d1-a7b2-6594dddf851e
d3dbb271-0733-4d9a-8051-7d0750a5038b,4acb4573-88cb-435b-9a9d-8d06a0a4d742
90eb2bfe-b508-49a3-a6c5-779e60230dd8,8286550f-1eb8-4e68-9b19-e184a55d9a0c
16276cdd-97d0-4dce-bebf-2715dbc9a017,28d5cc1a-555d-4567-869d-ac44614d4563
c4d32b91-7ba6-4a86-907c-c485eb1a4f1d,50d3b340-0eb4-485b-ba42-05843f142429
56a4373a-87da-4a4f-89ef-deefb58f1b94,28d5cc1a-555d-4567-869d-ac44614d4563
7cda9bb9-5073-405e-be2f-37122ea1ebde,b8f8ebae-903c-47be-ad85-8636f0dc7b9c
ad40a203-1d07-4be3-a041-5e1aa72b681b,28d5cc1a-555d-4567-869d-ac44614d4563
329fec6e-f518-49d1-a2bf-dffac8751d27,6b180b6d-ed5b-43c8-b243-2a2a04da3e66
aabd1081-323c-4a4d-bfee-78c1ab078879,9adbebbe-14c6-4725-a803-ae9ce20fb752
0265d136-ed79-4438-994f-7e7878811dc3,338610eb-2505-454f-bd91-0cc918ff6fdb
cdec4585-e7ce-47e4-bacc-e878b18a225f,b8f8ebae-903c-47be-ad85-8636f0dc7b9c
871e9fd0-81f2-42dc-8863-d443fac463c9,9d0272ca-86d6-45a9-a401-a929e9672197
5d32f8a6-acd9-463c-b991-3b28e2d975a9,b8f8ebae-903c-47be-ad85-8636f0dc7b9c
11927ae8-c46e-4d3b-bca9-24fe2471f0e2,ddb6b797-9509-494d-b503-dda733ca0232
017c9faa-a8fe-42ef-ac1a-c17340b575c7,8286550f-1eb8-4e68-9b19-e184a55d9a0c
ce6e3524-578b-4767-8f2c-384e6f00bbb0,ddb6b797-9509-494d-b503-dda733ca0232
5cd12219-59f4-4bd6-97b7-8cd51b3b4326,ddb6b797-9509-494d-b503-dda733ca0232
0eceebbb-2fe9-49c2-a650-9bc599a04cb2,1c37138e-2353-4f4a-889c-05fa946c577d
a0c29bd9-bc9e-4e40-a320-6a27ce38e817,938bc159-0e82-4901-81d3-67c4bf6d4db6
191292f4-3f96-4718-ace3-edc04bef283b,1c37138e-2353-4f4a-889c-05fa946c577d
8939a756-bad1-41a8-b8a0-83029eccb6eb,1c37138e-2353-4f4a-889c-05fa946c577d
b0b72e38-af8a-4100-b5a0-16447ffb7eb4,ba59cabd-3847-49d2-8712-0eaef5d2bbdd
a8f0347d-48a7-4d94-b8fd-fb5cb50cc74d,08eaf3ce-9e02-4437-9a5f-b9e25f4cc31d
165a289a-4b74-4c18-a38f-ae5a4c7c9501,3c75f0a8-156f-438e-8b46-7d122a818384
07f3826a-2d64-4969-9166-b5a8ba3d1eb1,3c75f0a8-156f-438e-8b46-7d122a818384
ca17dd60-25a1-4b6b-97ed-46061e0efc4f,14b00889-bc20-40b3-a765-bb1d017870cf
2f64d796-dce4-4a8f-bc4f-5941f6724353,14559a69-3af7-480e-938a-734d10380042
06bb5a44-728b-499a-bb98-8a8d83f5f415,14b00889-bc20-40b3-a765-bb1d017870cf
f0d00162-7abc-45b9-8305-c1c5fc2bedcc,3c75f0a8-156f-438e-8b46-7d122a818384
4506922f-af8d-4c6f-b13a-8e3cc4d83e97,ced4a719-8956-4946-9614-adc4e02d87e2
a128e015-ae04-4000-b920-fd25c6d731fc,0923651e-be9b-40d1-a7b2-6594dddf851e
d8e18165-9233-482c-8555-89c006b40843,e6dba2ef-2675-40cb-89aa-f62832d21dd0
e7b4c6fe-10c6-4b7e-9417-a04cf911dabb,338610eb-2505-454f-bd91-0cc918ff6fdb
c4f18caf-a935-4dd4-a399-9aec1c92ea29,4a9d1a3a-d1bb-472d-a519-88c6c8d553c3
8abc4ae0-5b17-4f9c-80d2-bfe3bc520587,338610eb-2505-454f-bd91-0cc918ff6fdb
736c9eca-143a-471a-a3a5-caae085c8e29,4a9d1a3a-d1bb-472d-a519-88c6c8d553c3
893c05cf-5ba8-4fa6-aa8f-a0d9dc7eed31,7b7e963b-129f-4057-9b92-08e564ec4af4
88959bf4-ba95-454f-946b-0d982bb83f05,4a9d1a3a-d1bb-472d-a519-88c6c8d553c3
ad250dc6-8f9b-43ab-8fb2-e633c96abe70,fff18847-8520-403b-aa0d-34013dfe109e
e19b1074-16d3-4d72-9c6b-3e295fb88d40,02953166-4d02-475d-b694-923aa5bd1302
2f4f3a64-6703-4251-a71e-9aaf2b816385,fd1022bf-17b6-4649-87c2-78898f2ff72d
99652bec-892e-46db-b334-6ac95a519722,7b7e963b-129f-4057-9b92-08e564ec4af4
e1d79240-2206-4062-b08f-38cdd537d7fe,38ca29df-97fc-417f-b4d1-0e8b9ce884b6
1a21fc90-0c10-405d-8815-f659eeea12e2,4acb4573-88cb-435b-9a9d-8d06a0a4d742
38e4c31d-414f-4734-a376-bd82d3766e4c,442b863e-a0ad-4f1c-bdfc-4d2b36d8e645
cca95eb6-a466-47e3-9d22-71e8b3f4b8e7,c3100947-2b09-466e-88ac-7a16d63bbb22
4a38b1ca-0f0f-4d7c-9317-bcb826a93c2f,4acb4573-88cb-435b-9a9d-8d06a0a4d742
d015011e-e4a8-4df5-a661-72f397e87986,14559a69-3af7-480e-938a-734d10380042
bb859ae2-d661-41a3-b89e-45ba2e7aa86b,233bee15-f495-4ae2-9103-a30dbdcde077
db301474-a583-4b03-87c7-0d641272531f,bff3f23d-2d38-4f36-9326-bcd6ceecc43a
3a4e8796-f6e5-4464-82ac-c44985de5c98,c3100947-2b09-466e-88ac-7a16d63bbb22
b89831f9-53f1-4aa8-ac79-ca22afc80964,ddd6c095-3008-426c-bf55-c9da051cd8c1
6a960f7c-2cc8-4dc4-bfd4-5623d1cedd9d,0923651e-be9b-40d1-a7b2-6594dddf851e
c51cd0f0-5d9b-4c28-8e71-888d2315c0aa,7b7e963b-129f-4057-9b92-08e564ec4af4
6dae81d1-7c7f-4ea8-8cca-c6718eca8005,dab3fcca-8677-4757-a3bd-e5112f201c07
48cf75fe-f942-4728-8f3e-94f463b83382,233bee15-f495-4ae2-9103-a30dbdcde077
7b3e4921-87af-4f2e-9b15-d2a2a4af9dc6,1a2085d7-6107-4317-9806-96732ad2b983
a7dc283d-4aa5-4c8a-928a-d0e5eed7ee5b,1a2085d7-6107-4317-9806-96732ad2b983
a4f924a0-18b3-4641-889f-2dfd80b95366,1a2085d7-6107-4317-9806-96732ad2b983
0aee9274-db97-475f-a2ab-0768c472765a,c3100947-2b09-466e-88ac-7a16d63bbb22
2de65a51-bacc-4506-a959-3ee88ec0995a,34ee114e-f17d-4a86-b3a5-1dddf4774b2d
fb2a29c0-0251-4174-b8e1-6a4e4ddb658e,c3100947-2b09-466e-88ac-7a16d63bbb22
b2f3f2e4-0c4b-4b6d-879c-9838badce4eb,11126556-e5c0-4fb2-8a1e-1f9866bb125e
0fca5952-d13f-41ec-8333-1fce3de64a8f,029b136a-631f-4965-b86a-cb58ab48be84
0a8f8fe9-a41c-4b08-bb0a-7c5eeb99a837,029b136a-631f-4965-b86a-cb58ab48be84
136502fc-ca98-4d66-830d-697611bddd2a,b3acbb04-5bb2-446c-9b9a-77afa241f525
daaaddb4-a1f7-425f-acc6-19b30dbee7f7,6570202b-5535-457c-83ef-7b113c827b6c
6c54ee02-0b61-4512-8d80-a28077db6cfa,02953166-4d02-475d-b694-923aa5bd1302
e8e74467-6c8c-443b-932d-eff1c0b2b655,233bee15-f495-4ae2-9103-a30dbdcde077
c8aa22d8-ece9-406d-bdee-763fe929f7fd,ced4a719-8956-4946-9614-adc4e02d87e2
b8a8e270-94e8-40ba-8f6b-9e0afdf93d8d,b3acbb04-5bb2-446c-9b9a-77afa241f525
d5e82b5d-66bd-45a7-a517-afab67db9015,6570202b-5535-457c-83ef-7b113c827b6c
056108cd-11f2-4086-bd1f-8bb2cad3d618,233bee15-f495-4ae2-9103-a30dbdcde077
21ceac44-cd76-4db3-9546-80f1de1e4322,fd1022bf-17b6-4649-87c2-78898f2ff72d
b243ae7f-bcc4-41f9-82f9-11896af4e7ba,14559a69-3af7-480e-938a-734d10380042
f47affef-c617-4456-8a27-ab9b4504ba8b,fd1022bf-17b6-4649-87c2-78898f2ff72d
8cf2c821-a82b-460c-861f-f592aa52178f,b3acbb04-5bb2-446c-9b9a-77afa241f525
03b5b361-54ab-45fd-b0bc-0fc75356236a,ced4a719-8956-4946-9614-adc4e02d87e2
e82b67d5-c848-415a-b81d-29db8f3a5b6a,637ac3fb-adcf-4ceb-a9e2-47f294b7f84e
1b19b412-897a-4b23-a23e-c1c3a19d83e8,11126556-e5c0-4fb2-8a1e-1f9866bb125e
e09752f3-6674-47f1-927f-da8b01a89659,6570202b-5535-457c-83ef-7b113c827b6c
8e5eebc5-67af-430e-a100-bebd7ecc6f62,6570202b-5535-457c-83ef-7b113c827b6c
ac0af997-b462-4e6d-bfcf-5bfa9c77221c,637ac3fb-adcf-4ceb-a9e2-47f294b7f84e
86b1bbc4-12d5-4aca-89d8-9b740dc34e3b,11126556-e5c0-4fb2-8a1e-1f9866bb125e
66e40392-bb64-4560-9839-eaab3e11abac,637ac3fb-adcf-4ceb-a9e2-47f294b7f84e
33400951-e1b1-4db3-ae28-123561b121c2,8a88ced7-461d-4980-8cd3-2f4af7b6a622
f20847e4-9c3a-40ff-a5b8-307e9a68ce0b,02953166-4d02-475d-b694-923aa5bd1302
40ea38e3-c8cc-418d-8eba-faed1c0b1640,b302490b-ee85-4d17-911c-a3f38d523279
81f355ec-0ef9-42ca-943e-488e16ad5685,b13e1ecd-f993-478e-a02c-703fe76eb18f
024077e9-98a0-4f50-9655-e08a7edc1465,cfcd820d-4a13-4e9a-8f0f-14be0eee3f94
39df4292-5cb7-4523-b259-24a47058297d,b3acbb04-5bb2-446c-9b9a-77afa241f525
86a88eba-fd71-42cb-9e99-2c75cc2add6c,1cc82661-a522-405c-927c-0551f0eedade
107df6eb-7fe0-433e-84af-e72d670aa485,b13e1ecd-f993-478e-a02c-703fe76eb18f
000fa8f7-7327-4f76-961e-2f7c0f6f2f17,f6e3de8d-9021-46f4-a414-e283c4b94a59
59ebb0d6-ed1c-4b73-8c4c-acde8df74f63,f6e3de8d-9021-46f4-a414-e283c4b94a59
7acc87df-85bf-428e-a600-94a31fa6a709,1cc82661-a522-405c-927c-0551f0eedade
aed299e1-0420-4332-9a03-dfaa9ca3ef17,8658d237-014e-4430-9449-c30f797c71af
8cde71f8-1b0f-46d6-a908-532471c705d0,8658d237-014e-4430-9449-c30f797c71af
c95ef711-2c58-49ef-82dd-9dca7680f5ac,03416355-7724-4885-8fa1-dfb8c5beecd8
5a2bed0a-3204-496e-a11a-62dddfee2196,c567007f-8a79-4021-b784-995d37c87c98
1344f76d-f781-4021-bed6-cfcbecb097a8,2939b888-72d9-4f6a-b24f-9459437e6fa8
6ccf54b4-0bba-4ea1-848d-b159a2d7bd79,029b136a-631f-4965-b86a-cb58ab48be84
0b5902f0-3613-45af-98c4-2fefb7aa8c5e,ab1ad2ca-2323-4790-9adb-6b29e9f0d65c
db83c322-3005-4b8b-af6b-01c787b4606d,b13e1ecd-f993-478e-a02c-703fe76eb18f
6167d005-7373-43e6-94ff-f06951c9170a,637ac3fb-adcf-4ceb-a9e2-47f294b7f84e
56764d8f-cc93-463d-8d3c-23a19b895a02,9f1174b1-4d2b-4a26-a094-62f1f7e2e1c7
d8db67b9-927a-42f2-8011-8d52463971e9,bfe75976-a973-4538-8845-2b1ab8c86b80
342e9c90-293d-450e-8a57-26dc37adb3db,9f1174b1-4d2b-4a26-a094-62f1f7e2e1c7
68089694-07ff-4ffa-a85c-ced6f498dc77,b302490b-ee85-4d17-911c-a3f38d523279
6206b9b4-07a5-4bb7-adf5-46a0f2d69164,9f1174b1-4d2b-4a26-a094-62f1f7e2e1c7
a90ad1ba-690e-4b76-9e4d-c9a6675b1c0d,bfe75976-a973-4538-8845-2b1ab8c86b80
51b5f30f-b32e-45d6-acb8-82fd843da445,f25ed4ee-d839-4bbb-9ff7-97484549182d
a7e12227-3667-45d6-969d-fe34057dda1e,21dec5fe-4726-4c98-9d35-88b5c792e8d8
b78600b8-7c10-4c6a-a1be-1cf5b30943e1,8658d237-014e-4430-9449-c30f797c71af
011b93e9-3a19-40e3-a06d-4becf23de4f0,dab3fcca-8677-4757-a3bd-e5112f201c07
792a3d8a-5283-4240-88c1-1b76d17d61bf,bfe75976-a973-4538-8845-2b1ab8c86b80
c07f2499-bece-45f0-a079-1f7100b7bb72,75c72f68-0f8a-494d-8844-ac44290fdcf4
b6ba7c1f-f899-4683-a4bf-7b958a1383ad,21dec5fe-4726-4c98-9d35-88b5c792e8d8
68a1eab0-a158-43d1-a5c3-81bc5629fbde,bd65431c-9fa8-47bd-b62d-85a6f7d80b61
c52eebaf-27ac-4393-a1a5-9864a3d9b060,cfcd820d-4a13-4e9a-8f0f-14be0eee3f94
5b6fd007-7931-46c8-893f-eb93b3799207,38691003-f9c9-4c83-b126-44bf02d7195e
0d334d70-2d13-40d7-9dcc-1b8532a7f3d9,cfcd820d-4a13-4e9a-8f0f-14be0eee3f94
d7b7b8fd-92e7-4180-8548-f87008126b39,21dec5fe-4726-4c98-9d35-88b5c792e8d8
0b3ce729-e2cc-475a-8489-60d950c0c114,bd65431c-9fa8-47bd-b62d-85a6f7d80b61
4e436b99-af6d-478e-ae79-481f85f70f96,7d34c1bf-4af5-4a62-8d97-c9c51a611b7c
cfddd503-f5fb-455f-a38b-06b635f21118,8658d237-014e-4430-9449-c30f797c71af
e28946ab-3748-4c39-ac86-90f95ce34656,9a222b8b-d8f4-4e22-8129-4771634f5ed9
c7537df6-965f-468b-ad5d-27d60b7ae010,21052a33-ec70-42f0-83c4-89c76609f147
de918bf3-7f81-4157-aa84-2631b2190234,ef88fc55-2870-41b5-bce9-dfa46b9fc2e1
bdc4b602-b802-4c8a-bad3-a47461013664,21052a33-ec70-42f0-83c4-89c76609f147
943a12a7-1ee8-4047-ba3e-f1fe42a60a8b,cec7ff4e-197d-4733-9a1a-7b0a596369ee
0c431f2b-eb3d-4aeb-b904-223e3f629804,cec7ff4e-197d-4733-9a1a-7b0a596369ee
eda355b5-ff2f-4e0b-8ec3-62d4a8826655,cec7ff4e-197d-4733-9a1a-7b0a596369ee
d326e959-2f42-4af4-b5ab-2c6c834c0b16,cfcd820d-4a13-4e9a-8f0f-14be0eee3f94
72362bcf-246a-4205-9d4c-700c49e1d828,f25ed4ee-d839-4bbb-9ff7-97484549182d
e1f60ddd-5376-4490-95a9-397237c58c4c,f25ed4ee-d839-4bbb-9ff7-97484549182d
ffab85d6-be08-47fb-9201-e5e9d1e276a4,59346aa8-058f-4eb9-9c23-068cf290279f
9a1f76c8-77f2-4b39-8a6d-a9ea06ef8c1a,111b0819-b324-4c77-8374-e6b56ac189fd
6e696210-0424-46bb-a273-38c9a22fcca6,89b553ef-a845-4cb9-ae1b-a17a7536a25d
205a3462-73b1-4c0a-a192-82ccf7d1578c,9da08990-99a4-4c45-b5bd-486a751ad8e2
e988d25e-1cb8-4716-acca-2cde77dc9ea6,a42ac4d5-55aa-4424-9c5f-90f7be25c3f2
5adb785a-9677-430b-9bfe-57aaeab028c1,a42ac4d5-55aa-4424-9c5f-90f7be25c3f2
d24b431b-2c76-458a-a65d-9947610d38fa,c4b693bb-f912-4a66-8ca0-c6bb162a43d6
e38077aa-9e02-4ca4-af64-ad9252196261,9da08990-99a4-4c45-b5bd-486a751ad8e2
e326fe44-3128-4e1e-a7ee-2e2c76e47c5d,c4b693bb-f912-4a66-8ca0-c6bb162a43d6
53fa5a54-0038-44a7-9acf-4748ae4f1ba4,a42ac4d5-55aa-4424-9c5f-90f7be25c3f2
376c0ced-ddae-45c2-85d8-e946bc4cef8b,7160539c-c4ad-4e78-b839-49b2c8c4e755
683f5ae2-aaa5-4ef6-9509-58ec8884cbde,5a3d276e-b8db-4da9-bdd2-b818e24b4187
dfd8a593-bbb0-43e4-9792-0e539ea9a29a,111b0819-b324-4c77-8374-e6b56ac189fd
55a65f35-6336-405d-b84b-6048e44eb19b,21052a33-ec70-42f0-83c4-89c76609f147
bec02f1a-7dc2-4f42-bdc4-0daa8c630614,59346aa8-058f-4eb9-9c23-068cf290279f
2c3ab0ba-249b-46ff-9a4c-b870888cb261,ef88fc55-2870-41b5-bce9-dfa46b9fc2e1
8d1567d9-46ec-4ca8-a30e-e0b6623c628f,5a3d276e-b8db-4da9-bdd2-b818e24b4187
35760eaa-f6d5-43c6-9ac5-2f18ea555ed7,6d161858-0a3d-4134-91f1-449bc520ec86
7f0c9a47-96f7-4115-9637-dc01c014f094,6d161858-0a3d-4134-91f1-449bc520ec86
4c21c3af-f67e-4bad-957b-e9014ace1952,cec7ff4e-197d-4733-9a1a-7b0a596369ee
154aebd6-414c-4e2b-8b86-807cff781f27,5a3d276e-b8db-4da9-bdd2-b818e24b4187
e72e1dc5-e528-4d6a-9e3b-a2a587a0e1b4,2cedad40-84e4-4d3b-bb08-d62709204edd
259351ca-7806-432d-a5ef-06c1ea253326,2cedad40-84e4-4d3b-bb08-d62709204edd
7c403707-3ee9-4c8d-ac86-14850810c55e,c4b693bb-f912-4a66-8ca0-c6bb162a43d6
0e82ca47-56e9-40c6-98fd-770373898f59,92fd2d8f-05a5-4204-bff3-72a5dfd551a1
b68b68bf-22a3-4b1c-a262-875b25839983,9da08990-99a4-4c45-b5bd-486a751ad8e2
818b9fac-0991-4433-9dd4-dc9f9cfa3b3c,9da08990-99a4-4c45-b5bd-486a751ad8e2
10174d61-8f93-4cd6-8c85-70174936f4be,c4b693bb-f912-4a66-8ca0-c6bb162a43d6
d7c0ade0-8ea9-4fe6-a8d9-b4160986b051,bd65431c-9fa8-47bd-b62d-85a6f7d80b61
c5da57f8-5211-4cc2-80ad-3dc8898cc6e7,5a3d276e-b8db-4da9-bdd2-b818e24b4187
eeeef5be-b670-4e8d-adf5-783b0f4a2ddb,626c95ef-49b5-40d1-adce-f5c3183e68e2
45a8c264-a137-4f0a-9306-eb653d8d46d9,626c95ef-49b5-40d1-adce-f5c3183e68e2
593fa7a5-3833-4103-9feb-0803fd0a66be,ea30282d-4bcf-426e-86d9-cc22c1ff23dd
ef7d84f6-8b53-4648-bbad-f91080ed7fd8,21dec5fe-4726-4c98-9d35-88b5c792e8d8
7fdece77-4f37-40aa-a1c4-c132eea2f3a5,6cad657e-c9cc-4b0a-bb84-99c5bdb837a1
3b7f46b4-9697-4218-badc-8be3d5a8ef00,626c95ef-49b5-40d1-adce-f5c3183e68e2
cd0dfb53-9210-4312-a4da-80b70dda472b,2cedad40-84e4-4d3b-bb08-d62709204edd
7855d0e4-f25d-4ba3-a899-dd1ca814417e,3a868540-876c-4e93-9042-e632cfeda50e
9619ab31-615a-4966-9056-c05b7b7c6909,2cedad40-84e4-4d3b-bb08-d62709204edd
d2b71b02-7f5e-4d72-a563-2469602d60cc,92fd2d8f-05a5-4204-bff3-72a5dfd551a1
0da388f7-00d6-4ebf-91a8-0a38b15214bb,44742ab8-4187-4501-a8a1-bfcf4e09b736
c3b8b43e-1a02-4bb8-8ae9-7bbeaee81646,44742ab8-4187-4501-a8a1-bfcf4e09b736
8b2eff6c-3b9d-442f-93c2-b83f60ff5586,6cad657e-c9cc-4b0a-bb84-99c5bdb837a1
9a4fde4f-4075-4e93-b297-387ddbcc4930,3af04ffb-3857-41d1-a4d8-77689ce16809
ee247be1-1586-4678-85cf-15b7cdb544c2,fea82cf6-15da-41c3-bf47-66b023b1ba5c
130bf9c8-f20b-4cc9-a3c4-ed1ce15ea167,be3eb3d1-3643-4a55-b646-f03fb4d99c9d
6660fb33-5747-41ee-9e91-2ea41e977a6e,44742ab8-4187-4501-a8a1-bfcf4e09b736
95fb10c8-7aac-4e66-b8a5-4227b90c7003,be3eb3d1-3643-4a55-b646-f03fb4d99c9d
0451289f-8a72-4802-8771-eb367f61bdb2,714061fc-ea03-40a4-bad3-d8f08095f409
41dd84b1-58d9-4e3f-9460-f2d1b9830bc2,fea82cf6-15da-41c3-bf47-66b023b1ba5c
3d87e587-e03c-4898-b4a9-f042a32df092,be3eb3d1-3643-4a55-b646-f03fb4d99c9d
94bd631e-a676-48e8-b8bd-52dca29031af,92fd2d8f-05a5-4204-bff3-72a5dfd551a1
9ccf9521-6ba2-4c26-b6a9-b33bb939f94e,d5ec7a2b-bdf2-4aa4-9f1e-db66432d2f57
27a7afd0-ef6e-4b22-863a-0b8beaef4be1,714061fc-ea03-40a4-bad3-d8f08095f409
b3856bed-4801-4097-ae64-1cd65c855804,7160539c-c4ad-4e78-b839-49b2c8c4e755
6bf75a37-5f1e-4d1b-b473-6bddb1e1b251,e024e7e5-9282-4a67-adb3-ff0d7b2e0840
10c14f84-ed7d-4fe9-bf4c-e4a81168d5ac,51ff35c8-5de3-48e4-a0b3-95dc724ce1d1
e9248ff8-6582-4bd1-8cba-f3539265ffe7,e024e7e5-9282-4a67-adb3-ff0d7b2e0840
870cada7-373a-4c8f-bcb1-67a2910232d4,92fd2d8f-05a5-4204-bff3-72a5dfd551a1
99c653c8-c47e-4f8e-918c-8b5abe86c319,59346aa8-058f-4eb9-9c23-068cf290279f
b7c91d29-7764-44a9-a0ce-ba41f14b87bc,3af04ffb-3857-41d1-a4d8-77689ce16809
2fd61307-a538-4b21-9868-32f7a7007025,bedf9df0-3a02-4028-a5df-08d90b057e9b
fa9f9dae-96d9-40a2-a317-7038e4b42575,3af04ffb-3857-41d1-a4d8-77689ce16809
b0daa482-7a6c-42a5-a11a-c4936a1aaa80,50a150d9-857a-40ed-b07c-5454ada74c25
3515e37c-f92d-442d-bae0-359a05ddf4be,3bac9542-0ccd-4d87-8083-45e5fc23199b
2a489946-63fc-4ff6-b53d-590ed6e80f16,3bac9542-0ccd-4d87-8083-45e5fc23199b
35139142-737b-4ab6-bab3-99e46d6692a5,5c98e53c-c439-4f56-926a-ffa43424dea2
93290c0f-3ef0-40f6-a402-b013d14b8252,3bac9542-0ccd-4d87-8083-45e5fc23199b
1e34d5b8-beef-48b7-85f9-d1d4966af3df,24dc8a62-bf74-44c6-93a2-6f7a8705c299
eb31cdc9-1d1a-47d9-b04d-d965467c94bb,f6ee6c16-6125-46cb-b661-2e83eb071b49
a3fb4c0d-a8fb-44f2-8bc6-9bcda45c21b5,59346aa8-058f-4eb9-9c23-068cf290279f
18d0d32b-4db0-4b1b-a458-4eb108fa6382,ac137bdd-8ac6-4664-8496-520c4e4b176d
295b78f8-0b6e-46b0-aebe-56776a6764f1,ac137bdd-8ac6-4664-8496-520c4e4b176d
f62b0572-50ab-4046-818b-0ab18f4873d5,24b09d01-0480-4564-ad92-a1b1abc61849
4c693c95-7d00-433f-a590-b69fd93c40f9,24dc8a62-bf74-44c6-93a2-6f7a8705c299
e5e4e4fb-da82-4b06-8d77-0dec49b0ede1,ac137bdd-8ac6-4664-8496-520c4e4b176d
785bb467-1192-4507-8f13-86911be28de2,f6ee6c16-6125-46cb-b661-2e83eb071b49
32c7d7e4-e89c-4d93-a938-82795b36be6f,ac137bdd-8ac6-4664-8496-520c4e4b176d
4492dc12-4139-4386-b2bf-2f9c354af97d,8241361f-b41f-4c37-aff0-53b6c05c99f6
d83ac5ca-91b7-4b6f-a4d3-441897ba1924,5c98e53c-c439-4f56-926a-ffa43424dea2
5259568b-9553-4ada-bb52-7c694abd8d64,29cc68b2-ad80-448a-a02f-a9e8ba7b5587
dc488cdc-5e0b-4efa-96dd-68f966456fef,24dc8a62-bf74-44c6-93a2-6f7a8705c299
5faccfca-ef88-4fdf-b26d-ffc39f58d8f2,29cc68b2-ad80-448a-a02f-a9e8ba7b5587
5c56425b-4610-4890-8d08-a9635bc9d5c8,24dc8a62-bf74-44c6-93a2-6f7a8705c299
65ded09b-8b94-4318-a14c-a92f34870573,9cec8c30-2895-4781-9931-d8f937e77357
98c87a35-f5da-4852-866e-c31dbe5685d2,29cc68b2-ad80-448a-a02f-a9e8ba7b5587
2c342c6b-8f7b-4b2d-b5ea-369e2f85fbe0,eac54cfb-a620-4494-a8a8-859aac27821c
7b9b7f8b-2bf3-4f97-b347-1f182629f9d9,57300897-13da-412b-a3b8-468c000c7d4d
0d9ab575-2634-4e0a-92f4-674c6c5376b9,f6ee6c16-6125-46cb-b661-2e83eb071b49
f74664cf-2921-4cca-9353-94cd159c6abf,57300897-13da-412b-a3b8-468c000c7d4d
52da1ede-7a29-4e98-ba6e-c187fed87bbc,bedf9df0-3a02-4028-a5df-08d90b057e9b
21e8b761-3fce-438e-9719-d1afef1fa5fb,3a868540-876c-4e93-9042-e632cfeda50e
0ac486a3-d3f3-4164-8c63-6e11efd4a39a,57300897-13da-412b-a3b8-468c000c7d4d
6f81538c-aa96-46b5-b0eb-086d07a1e826,bedf9df0-3a02-4028-a5df-08d90b057e9b
9cc2e601-e9ce-4107-8ad9-b63fda8cd459,f6ee6c16-6125-46cb-b661-2e83eb071b49
040616b8-657f-447f-8c06-b4e14974f428,bedf9df0-3a02-4028-a5df-08d90b057e9b
2654d558-d30c-463b-8407-8fe434621c61,9bc26d85-0ff1-43e4-a717-f23f1ecf093b
e1614083-05d2-4e93-8a63-e4985c006813,517b7ff1-8536-4f41-93d4-5292e5763a93
465b70c8-df7b-4beb-92ce-06d5bb9e93f6,eac54cfb-a620-4494-a8a8-859aac27821c
a09b1cc2-c2d1-4689-b70a-2645fe83c196,67ceed97-5512-4e7a-a345-96dc6199c981
a78ffea7-d8e0-4567-b72b-165bf529008a,3bac9542-0ccd-4d87-8083-45e5fc23199b
becb1cee-54d4-47a1-81ae-51f3be51a15d,29cc68b2-ad80-448a-a02f-a9e8ba7b5587
bb23591a-ed15-4905-91ec-18646632a573,7d77947f-61b1-49bf-b139-bf3194911a4d
2dc8b245-277a-4a8d-9298-72b15e8b68c5,517b7ff1-8536-4f41-93d4-5292e5763a93
423583a7-9384-4971-bb80-4f32039942a5,9bc26d85-0ff1-43e4-a717-f23f1ecf093b
c3b0ed02-0ec2-4c6b-bc08-63880d9c4100,553f28bd-ef7d-4abb-b952-0478ca3eef25
4696cbd7-b3b5-4d5e-b817-26297794a20a,517b7ff1-8536-4f41-93d4-5292e5763a93
5ba31f2a-9660-4a3c-9fbc-3fa8197645ea,57e43287-e3fe-4184-9dc6-98bb8246a8de
dabecc30-77f9-4093-857c-59d68b2c8545,7d77947f-61b1-49bf-b139-bf3194911a4d
be31297d-2ef9-4648-9a28-806affef4a35,57e43287-e3fe-4184-9dc6-98bb8246a8de
b32ce0aa-07a9-4da9-a239-f4bf9ff9989f,d5ec7a2b-bdf2-4aa4-9f1e-db66432d2f57
7ab56f45-a5ed-4234-adea-92961483c633,7d77947f-61b1-49bf-b139-bf3194911a4d
523bef6b-c8ea-4e7b-a6bd-f6268d880732,9bc26d85-0ff1-43e4-a717-f23f1ecf093b
b163e3be-c6b2-49aa-bb20-6c9b977067b4,7d77947f-61b1-49bf-b139-bf3194911a4d
12b299bb-c9e9-4d19-b7a1-dcb72211b0f6,67ceed97-5512-4e7a-a345-96dc6199c981
855a249c-3556-4ec5-94da-d47959e9332b,f240f32c-e7ca-4a06-96b8-58b3d1f75404
a6e2f6da-1763-4ee6-9ceb-5df6b4b369aa,f240f32c-e7ca-4a06-96b8-58b3d1f75404
eb608e24-588f-472f-a32d-eb7ac01e6b0a,eac54cfb-a620-4494-a8a8-859aac27821c
366cd959-32b6-46f7-9ec5-70edf56e4bc1,32754c57-fc01-4061-a5db-078fa57488c2
9eef9ea8-5cdf-495b-8a67-da0542d418fa,9bc26d85-0ff1-43e4-a717-f23f1ecf093b
195a7082-ce3a-45be-9baf-6122a28e5b1a,57e43287-e3fe-4184-9dc6-98bb8246a8de
982a12ab-4d97-4dcc-ba61-acc59480915e,58f96319-37ba-4c9a-b24e-4430eb4ca363
30dc5143-1a98-4b49-8297-9c9cae87a333,67ceed97-5512-4e7a-a345-96dc6199c981
5ea2c069-689b-419d-bf55-5f9bdb9b692a,5fef75ef-ec42-4ec4-9634-c9dfaa2fb51f
c6cc0a38-8f2f-44ea-8a9b-391249a2d78d,4f3e45f7-7a8b-4682-925a-8713678a7f31
6d8b6c10-9446-4afe-a112-2a0f0451c1ae,5fef75ef-ec42-4ec4-9634-c9dfaa2fb51f
29125ccf-04d2-4700-b096-5c4d189b3c43,67ceed97-5512-4e7a-a345-96dc6199c981
78561575-8073-42e0-a8d1-51443ae2b41a,58f96319-37ba-4c9a-b24e-4430eb4ca363
d560836c-0647-498b-8b46-37cbbbd3c2ca,58f96319-37ba-4c9a-b24e-4430eb4ca363
e49958f7-f22f-42d1-ad12-5d045236632d,2e35081a-f861-4038-aab9-986e0ee5651c
fa8ac217-9950-416f-8f6f-970c9822298a,9d047abb-6ddf-4685-9d6c-978cc672d601
2a77670a-703c-40ab-8a20-262464fd474f,93e4dc88-9f06-4126-b1aa-e6aa5c0ec800
e3fbd247-d00b-449e-9e17-e5a37c5dd59b,93e4dc88-9f06-4126-b1aa-e6aa5c0ec800
6d553e3b-a523-4ba0-9f4d-ff6df95fbfdf,2e35081a-f861-4038-aab9-986e0ee5651c
765ac7d0-9ab7-4b85-a843-fcaf08d9d374,207ad8dc-e470-4eb8-a8d0-005103f902bd
be8cd6c3-01e6-4078-a62b-b001f8be45fd,207ad8dc-e470-4eb8-a8d0-005103f902bd
af689014-6ee7-4f11-9bc0-27c9984a94af,10a4b2a0-c02d-4c72-bc4f-611569c8f3c9
4294b150-21b6-4c42-9d10-d3cbc5a9e729,93e4dc88-9f06-4126-b1aa-e6aa5c0ec800
24265927-c82c-46bc-884d-480a00871c91,93e4dc88-9f06-4126-b1aa-e6aa5c0ec800
f51111d2-8166-4399-973e-0fa882e3c9c6,5fef75ef-ec42-4ec4-9634-c9dfaa2fb51f
dc11eb35-ee1e-43b7-9e0d-145a4ea8259b,b48c0918-ec10-404a-90b0-137881bd82ba
9a7ff6ae-adfc-4e41-a007-3b7f94a8a2d6,b3056e95-80b0-49a3-ac05-eab7750d7ada
177bb4c0-2533-4536-a5df-ad30f8acfa33,b48c0918-ec10-404a-90b0-137881bd82ba
9db309e1-a7b4-4c25-be18-78ee4ea54d67,9d047abb-6ddf-4685-9d6c-978cc672d601
d0f8c523-60e1-4618-a51e-f485118bcd07,10a4b2a0-c02d-4c72-bc4f-611569c8f3c9
c1cbd4e4-22a3-4be4-91fc-f7879a1881aa,dba21299-4805-470c-bc26-ceb067b9221b
a5b44c5f-5569-41a1-b424-5d4e15e1b3bd,10a4b2a0-c02d-4c72-bc4f-611569c8f3c9
79a8db98-9579-45cd-96e6-d9932cc52383,f4a270ee-59dd-496b-b09a-a126a5dc84ba
04de94a4-fc12-4d18-8bfd-c13d652e6e53,3eb2feb6-8503-4f74-8990-63503a9fb48c
99c00305-5048-4a13-adbd-c04736df77cf,b48c0918-ec10-404a-90b0-137881bd82ba
84867a91-4b7b-4210-97cd-5696fde86f86,3eb2feb6-8503-4f74-8990-63503a9fb48c
fa700a57-eb11-4da9-ba75-6e02b12e300e,0a67b9c1-4c68-42dd-8eda-0006a619bfd5
c30a7a63-f623-4581-be57-c5f1d19f949d,3eb2feb6-8503-4f74-8990-63503a9fb48c
894ab838-a722-4608-92ac-f5d39703d4c7,f4a270ee-59dd-496b-b09a-a126a5dc84ba
58461fea-c9cf-4ea0-9cd5-bd8f859ecbe3,9d047abb-6ddf-4685-9d6c-978cc672d601
255815a2-e23a-49c0-91fc-48facb2e1ce9,9d047abb-6ddf-4685-9d6c-978cc672d601
9852956c-444b-46a1-a732-98a20af56048,79a0de22-28d6-439a-8bd6-f0be71d4d322
e0508416-3ada-4e6f-ba32-aa1078a5dc90,f4a270ee-59dd-496b-b09a-a126a5dc84ba
58d003f0-4eb6-4cba-b2a5-8510c84a8ce0,f4a270ee-59dd-496b-b09a-a126a5dc84ba
ced62254-6b95-4ab0-bd5e-187ed6e0f9f9,26663eda-2f77-4d19-8c18-5a3b5910c659
760335f7-392d-4917-8a8d-06a4b07e5de3,b3056e95-80b0-49a3-ac05-eab7750d7ada
bc4e5a41-9a2e-4822-ae66-96780449ba6d,79a0de22-28d6-439a-8bd6-f0be71d4d322
62b0a72c-8d7c-40fb-b2e9-a8b30f093edb,26663eda-2f77-4d19-8c18-5a3b5910c659
2adae0f2-3628-46a4-aa49-e095308ce8f4,b3056e95-80b0-49a3-ac05-eab7750d7ada
e71e90c8-8aff-44b5-8ab0-190ce11470da,45821396-b785-4b97-a1f1-bf5812c58f50
ef953a00-60b4-4711-8b40-d30ede2abaa3,79a0de22-28d6-439a-8bd6-f0be71d4d322
5de41f68-c3c0-4199-8397-f358563ca076,b4b6d335-13b0-4166-a176-6929fd6ed51c
97a7fda6-7d8b-46ba-855e-c604e482399d,79a0de22-28d6-439a-8bd6-f0be71d4d322
5834bfe0-aa2a-4612-95e1-820cfe8e7d10,31939a0f-e21d-4ef6-9a90-ce0c05e51ca5
6505ccab-a433-4449-b102-b8e288e24169,b4b6d335-13b0-4166-a176-6929fd6ed51c
e35a7539-10af-41e9-9d14-9bb14fa28854,31934ec3-d11d-4d16-addd-8072dac442b9
df656ad2-7dbb-4c83-9003-c88639ad193c,b4b6d335-13b0-4166-a176-6929fd6ed51c
797171fc-5ccc-4a96-b9d1-6b0104e8450c,31934ec3-d11d-4d16-addd-8072dac442b9
3b751f87-9cb1-4332-bfd4-ffa97dd733db,b4b6d335-13b0-4166-a176-6929fd6ed51c
d2cf3748-0e09-41d0-9bbc-57f4c3e72254,31934ec3-d11d-4d16-addd-8072dac442b9
bc19a878-3240-4642-b4fc-14a5e4b48491,69819faa-4e7a-4cf1-87d6-5716b5e4bb94
36d62d45-f1a6-4116-98f6-25a146819f24,b18f242c-3bb9-45e5-832a-286affc3acab
d5e209d2-9bbe-4a6c-9340-519bb462e8eb,b18f242c-3bb9-45e5-832a-286affc3acab
304de123-1620-450a-8023-1d5f10a1de3f,69819faa-4e7a-4cf1-87d6-5716b5e4bb94
4dea05f0-71aa-41c1-b92f-d5135feb5c4f,31934ec3-d11d-4d16-addd-8072dac442b9
ad67ee1e-bb2c-4f9e-935f-a9198e292a50,69819faa-4e7a-4cf1-87d6-5716b5e4bb94
c632e521-053e-4f96-872c-e9140f5a86c6,dbf423f6-d0be-40f8-b7c4-39cab554ed3c
69dda76a-9c45-4e62-8352-cfae950f46ee,dbf423f6-d0be-40f8-b7c4-39cab554ed3c
9032951d-1f89-4d55-8984-12bb8235f903,b6bbcaff-57bf-4683-9b12-63899b2732cc
62e1c883-91db-412c-9410-d593b147e742,b6bbcaff-57bf-4683-9b12-63899b2732cc
