id,name,registration_date,birth_date,premium,premium_expiration
96fd50d1-63cd-4f81-8f3b-963dd49d99fc,Sawayn1069,2024-07-22T06:02:35Z,1971-12-02,false,2025-12-20T23:55:09+03:00
41d5f42a-fedf-4a1c-97c4-c0105029c616,Reynolds9493,2021-10-13T09:15:02Z,1996-08-29,false,2025-10-11T00:12:38+03:00
1413e6a1-e104-4d5b-88f1-79912185c622,Romaguera1541,2023-01-03T13:05:08Z,1992-08-25,false,2025-12-16T21:47:12+03:00
da993e24-e03b-4e64-a76f-81c59b38bc08,Leuschke5991,2021-11-03T17:26:52Z,1984-05-03,false,2024-11-22T11:39:50+03:00
cb4def64-da76-4943-ac25-75030b430827,Dare1887,2021-07-28T15:24:38Z,1964-06-05,false,2025-03-25T10:15:07+03:00
bf8ec86a-cd7a-4165-acbc-17923c192fb9,Sipes9249,2022-05-17T09:02:10Z,1972-05-15,false,2025-08-24T08:06:29+03:00
81dbcfd8-5b01-4b36-9b60-ba8233b538f3,Pollich9329,2020-05-25T07:12:46Z,1999-06-11,false,2024-12-16T20:01:44+03:00
3a8915a4-0285-4b87-a7c5-619786c78601,Aufderhar7228,2023-04-10T15:28:26Z,1993-05-09,false,2025-10-11T04:51:07+03:00
44bbb244-cce5-4c92-a389-21f826cc094a,Rau6775,2020-12-09T16:42:21Z,1983-06-02,false,2024-11-15T22:46:51+03:00
b39a4661-31fe-4284-b263-e25029853fd3,Keebler7360,2021-04-13T20:57:37Z,1990-04-06,false,2025-07-03T20:45:10+03:00
2e4dde38-86d8-487b-b140-ac23b2f3c2ec,Bernier1260,2023-02-21T09:38:05Z,1970-04-19,true,2025-03-05T16:19:58+03:00
5ba2e882-5bb6-4e18-aad8-b0afc665ffb8,Bradtke8672,2020-01-25T02:20:34Z,2005-12-02,true,2025-05-19T02:13:23+03:00
292a9ce7-1815-418e-914c-265cb0a21df0,Haag6969,2024-07-27T11:56:57Z,1955-10-23,true,2025-09-09T01:37:00+03:00
c7e1b493-47d9-4634-8e87-be6d7d229e72,Conroy8546,2020-08-30T03:44:16Z,1983-05-28,true,2025-12-08T13:26:49+03:00
b9c1735d-37a1-4ef0-b8fe-ec3449d71c21,Daniel5269,2021-05-20T23:07:13Z,1960-02-22,false,2025-08-12T18:37:15+03:00
dd351b4d-1a05-4b48-9fa1-0ce94e4f8c2e,Willms4408,2021-09-05T14:41:31Z,1988-09-21,true,2024-12-23T10:13:22+03:00
a4c2af58-541b-4d31-a144-8038005a6f76,McDermott5854,2022-05-27T09:10:53Z,1966-06-22,false,2025-10-23T07:05:19+03:00
0e66fabe-be0f-46ab-b572-597841834b00,Monahan9364,2023-08-18T12:54:41Z,1988-10-16,true,2025-12-14T06:45:50+03:00
5f80549e-c434-4233-9fa4-509d470b6b93,Windler9218,2021-11-18T20:25:21Z,2007-02-01,true,2025-01-11T13:58:04+03:00
bd556f89-4370-4143-bac5-38d73559a6f3,Roob8076,2023-01-05T22:40:22Z,1965-07-25,true,2024-11-28T02:26:31+03:00
49dc9ca9-a580-42a4-97d8-5ef6adfa9e38,Powlowski5967,2022-08-04T14:47:18Z,1967-07-27,true,2024-12-13T17:06:58+03:00
0af13a48-6854-4ea3-8613-c9ea0ed34fc3,Kunze5619,2021-06-13T18:54:05Z,1957-12-01,false,2025-02-26T04:33:22+03:00
dbbeef1a-976b-406a-a356-141f383e11c0,Herman7060,2021-09-03T11:58:58Z,1972-09-29,false,2025-01-24T13:18:11+03:00
48fdae99-cd66-47f6-bd19-e3a635d00441,Weimann7444,2022-11-04T08:55:27Z,1975-12-24,false,2025-01-27T21:40:45+03:00
e0bf70f7-23f0-46ae-9698-72f6cfa98b27,Heathcote8793,2023-04-06T00:30:58Z,1982-07-12,false,2025-05-31T08:40:24+03:00
921d0b3c-89d4-4ab4-be97-297460e32a0e,Schaden5606,2022-12-20T11:52:04Z,2003-02-11,true,2025-07-13T23:46:50+03:00
07202355-7a14-410c-81e0-31b09e303bf1,Lakin4031,2022-12-03T20:40:11Z,2007-11-04,true,2025-08-04T15:05:36+03:00
ecabbbe0-aaae-44eb-b254-8f860d3b77c8,Casper5868,2022-03-13T09:05:22Z,2002-08-04,false,2024-12-22T01:25:30+03:00
be600367-83bd-4794-9806-7d883360ac56,Ziemann2242,2024-04-07T20:41:50Z,1961-01-08,false,2025-12-22T09:13:15+03:00
b470e4d6-e8f9-44c0-93f4-21ad2ce5b39f,Bashirian6342,2021-06-18T16:53:33Z,1973-01-16,false,2024-10-27T17:31:47+03:00
5d0938f9-001b-4a8c-b232-2fb305dd0673,Okuneva9641,2021-04-10T09:43:46Z,1992-05-15,true,2025-04-08T12:41:44+03:00
6bb95822-bb69-4124-aa7f-43da458dbe7b,Stokes1336,2023-02-18T00:05:11Z,2001-05-19,false,2024-11-06T22:30:35+03:00
e41aeee7-8547-4034-b9ba-9881a8376c6d,Wehner2593,2021-10-19T07:25:51Z,1989-11-23,false,2025-08-22T13:28:37+03:00
0b4d8736-b759-4221-b978-caf5b8166988,Rutherford1073,2023-04-18T09:26:57Z,1987-12-04,false,2025-10-01T12:08:56+03:00
5ecdee32-284f-46fc-8a88-484f5aa71923,Renner6499,2022-06-20T05:56:51Z,1971-08-13,false,2025-11-12T03:12:49+03:00
1d27e284-333b-4f85-af6b-83da2a60d790,Robel8933,2021-06-24T16:54:20Z,1960-08-18,false,2025-07-27T12:58:49+03:00
35820950-1e99-4729-881e-eb074c38f781,Yundt1336,2022-11-17T06:12:47Z,2002-01-13,false,2025-06-04T15:23:14+03:00
6d9e65eb-60cf-41d2-8c3f-0300ec04b3b8,Hartmann8787,2020-08-26T23:00:22Z,1965-09-06,true,2025-04-08T03:04:06+03:00
54ce15a4-5335-42a1-a530-72017bdb2d3e,Johnston2356,2021-05-09T09:49:30Z,1991-07-11,false,2025-07-27T23:01:55+03:00
6b0b3ab5-d56d-4214-a3f9-891fac5c81ce,Ryan2993,2022-09-20T01:09:50Z,1990-09-29,false,2025-12-08T20:03:39+03:00
356c511d-235d-4818-bd74-3bd1c0ed3830,Gleason2405,2021-07-27T08:39:21Z,2003-09-20,true,2024-10-17T22:36:41+03:00
a13c91f3-d53b-4453-8869-fba5e4ef1936,Muller5403,2020-10-24T19:15:30Z,1951-03-06,false,2024-12-18T23:22:14+03:00
8bd7aa1b-f7aa-46a3-bae2-2365f548ff74,Yost5895,2023-08-30T11:51:04Z,1972-07-29,false,2025-12-29T14:06:30+03:00
e814a549-0fac-44c9-9733-5035257274d8,Murazik6669,2021-10-30T18:08:18Z,1956-02-16,false,2024-10-20T02:55:38+03:00
d19760e5-53f1-46b9-a53f-833cc5523a99,Wisoky6298,2021-08-08T20:14:56Z,1975-06-22,false,2025-02-21T16:35:20+03:00
3b685ac9-926d-46e3-8a39-3c00421f675a,Olson2967,2023-01-15T10:33:00Z,1981-03-05,true,2025-12-21T05:56:39+03:00
a318b4f7-22fd-406c-9192-0ba829b9d6f8,Botsford4726,2023-02-01T03:58:32Z,1963-03-27,false,2025-06-07T16:13:11+03:00
54485812-6443-45bd-a01b-bb9ba14aa7d0,Keebler3368,2023-10-29T17:01:28Z,1971-08-05,true,2025-05-03T01:57:41+03:00
d490096a-81ae-4d6c-946e-ebe91623eefb,Cremin3352,2021-12-05T00:26:49Z,1987-09-19,true,2025-12-04T04:52:00+03:00
741a150f-b0c6-40b0-bfa4-b12143f5bef1,Bruen4252,2021-08-26T19:36:33Z,1960-08-27,true,2025-11-27T18:07:54+03:00
96c3f6f1-0b72-4ff3-9304-5c5411d521ef,Krajcik9645,2023-07-20T20:54:20Z,1964-08-30,true,2025-02-07T06:08:59+03:00
0f6cb2e0-5f73-44bb-bc49-66810aa7b860,Johns1334,2021-02-04T20:02:38Z,1973-12-11,false,2025-07-16T20:48:01+03:00
ae30f454-4d53-459f-9265-1ece0671a064,Pacocha7085,2021-11-04T23:42:42Z,1985-05-01,true,2025-06-02T17:58:16+03:00
d6a089ae-ea5d-41d3-8757-8ebdf9a6f6f9,Sawayn8775,2022-01-27T09:44:08Z,1986-03-14,false,2025-05-08T23:48:27+03:00
92491a0d-f0c8-4fec-b856-d6089cdd9656,Pagac4508,2020-05-02T13:21:29Z,2001-09-16,true,2025-09-13T18:30:47+03:00
fd35afbb-b00f-4382-a3a5-61134897b1b8,Crooks5795,2022-04-26T11:22:41Z,1955-04-02,true,2025-08-10T04:18:49+03:00
6a3189c3-e2ca-4a2f-bff7-85ae35a9dd30,Becker3103,2020-03-02T17:21:31Z,1996-01-28,false,2025-09-16T23:27:17+03:00
0476b725-2daf-473a-817e-59f7f14e3196,Boyer5537,2020-03-29T22:00:35Z,1960-09-08,false,2024-12-13T17:56:42+03:00
716e2c89-de0e-4c69-bc17-3a0099c49102,Yundt9496,2021-08-03T21:51:35Z,1990-11-01,false,2025-10-17T06:01:34+03:00
f489401d-fa71-4cb7-989d-88dd43e3003b,Walsh1004,2021-01-31T05:21:44Z,1985-08-25,true,2025-06-04T12:23:40+03:00
275f8ae9-9dd7-4fb3-ba92-db93dcbfedf6,Gottlieb8858,2021-08-02T17:45:31Z,1965-04-04,false,2025-12-04T22:23:31+03:00
09178560-df54-4727-a916-98be01da0d02,Farrell5909,2020-04-06T05:10:37Z,1976-06-16,true,2024-12-25T09:53:14+03:00
1fcd4f79-b3ae-463f-94c3-41f53e574e2a,Kuhn2011,2022-07-18T10:32:04Z,2005-05-02,true,2025-04-02T02:21:54+03:00
fb505e4b-86c7-45ad-9587-825314e0459c,Blick7114,2020-08-15T06:05:03Z,1959-06-25,true,2025-09-17T19:04:21+03:00
d22c9195-4c38-401e-9dd3-46edf5f563d6,Beahan2414,2023-11-12T20:53:22Z,1986-10-02,true,2025-05-11T15:59:49+03:00
f0b542f6-ccc6-4630-86e0-9ad919ceaf45,Will4347,2020-12-13T10:11:34Z,1983-10-09,true,2025-09-04T16:03:41+03:00
2e5f6bb3-4b34-4b08-8e74-6829ee314994,Feest7029,2023-12-15T03:09:08Z,1964-04-24,true,2025-01-08T18:29:45+03:00
4db8f191-5d34-4a1d-9599-a1a4d90df33b,Ruecker3736,2022-09-07T13:24:38Z,1987-09-12,true,2025-04-09T09:10:24+03:00
617017a6-cdd3-4ae2-9e82-6801b89fcaac,Mann3929,2021-08-11T04:05:56Z,2002-04-06,true,2025-08-25T12:23:05+03:00
ab72673a-1015-4c0a-8060-99829f05912b,Renner3182,2022-01-11T21:53:00Z,2007-08-04,false,2024-11-19T20:38:18+03:00
a31a28dd-02d5-43df-a8bf-ab4a19c66519,Nader5805,2021-11-08T05:09:33Z,1998-11-09,false,2025-04-19T00:21:00+03:00
128698f7-4c3d-4487-a55f-7954c65ca910,Collier2206,2023-01-04T00:32:04Z,1968-08-21,false,2025-06-25T05:32:24+03:00
ab0951c1-2877-4fe0-8225-f2bff544f682,Ritchie8715,2022-06-28T18:56:21Z,1986-11-12,true,2025-12-30T08:00:49+03:00
6492344e-c66d-4840-b0cf-d7dbf710f4e9,Little3229,2021-03-10T21:15:02Z,1989-01-31,true,2025-03-30T06:57:04+03:00
704a58f7-ec80-4e7d-a831-dcb82dfc075b,Kuvalis2025,2022-02-13T02:37:10Z,1960-01-25,false,2025-05-07T20:54:54+03:00
da7e2f6d-1c86-4b52-b70e-8d91bbb0a04b,Hoppe7109,2021-07-28T00:13:55Z,1988-02-05,false,2024-10-13T08:01:26+03:00
9cff3a51-2025-4544-86a9-e5cb29e3b9e8,Hamill2924,2020-03-19T18:45:51Z,1980-12-12,false,2025-05-27T04:56:47+03:00
aa8ca9cb-8f8c-4e25-baab-a7be58f1a589,Gutkowski3599,2022-01-10T21:26:40Z,1962-12-31,false,2025-11-14T21:50:55+03:00
793e192d-cc60-43c7-a178-322c463f4438,Monahan8722,2021-03-14T00:52:23Z,1956-12-07,false,2024-12-17T20:22:18+03:00
2a126907-08cd-46b7-be74-a97fb879821a,Predovic3447,2022-02-15T22:21:38Z,1980-04-02,false,2025-08-24T01:36:09+03:00
6c6807c1-e5b4-4b50-b8aa-c320c4067970,McKenzie2412,2022-10-18T03:32:16Z,1968-03-07,false,2025-12-13T23:20:42+03:00
12507df0-9ac4-48fa-a2eb-0ebab1b8fa0f,Anderson6913,2024-03-29T20:58:14Z,1970-01-22,true,2025-06-24T00:36:18+03:00
76081bbb-8e3f-48bc-bc9e-c4fdfaca228a,Bayer8519,2020-08-31T07:26:41Z,1956-07-12,false,2025-09-20T23:28:57+03:00
19d415c9-a64e-4bc1-9555-e5c605a1b859,Mraz7994,2022-03-18T01:32:40Z,1954-04-25,false,2025-09-23T12:23:30+03:00
6a9faa65-31a1-4b2d-b982-253ad40c2ece,Hayes7146,2022-11-29T04:33:43Z,1970-07-23,false,2025-05-24T16:16:09+03:00
cb64528a-9ca6-4881-b61c-a07bfe72bcf1,Swaniawski1941,2023-05-09T05:05:57Z,1954-02-13,false,2025-04-10T22:22:57+03:00
45523d48-637c-4c14-ba63-80601f847804,Corwin2036,2022-09-12T01:21:51Z,1962-12-16,false,2025-10-13T15:18:28+03:00
576f9df1-4f64-448b-a58b-4cbcfadd7c40,Marvin2587,2024-09-28T04:16:33Z,1988-06-16,true,2025-12-01T04:04:37+03:00
35f4813d-356c-44da-800c-92b06ae2d3a6,Gibson6249,2024-04-12T12:37:59Z,1983-11-20,true,2024-11-08T05:41:40+03:00
959f3017-977e-49e8-a5ae-8f6cb19e19ff,Johnson7752,2022-07-23T23:19:28Z,1967-11-02,false,2025-08-13T13:08:40+03:00
3b9b559e-2148-46ca-8d5f-bd8cc2267e32,Powlowski4962,2021-01-30T09:14:58Z,1982-12-24,true,2025-04-27T20:38:52+03:00
f6ae1208-c36b-4ebf-8a3e-59d9d3047c33,Skiles5109,2022-06-03T09:07:19Z,2006-11-29,false,2025-06-15T00:59:39+03:00
12e68a85-15eb-4f43-ac7c-d660f69b340c,Skiles9344,2021-12-25T21:16:18Z,1983-01-20,false,2025-10-13T14:50:17+03:00
9fbdb181-3633-4c41-95d7-f2af25c98863,Hills4978,2021-09-17T06:44:19Z,1993-05-27,false,2025-05-16T00:31:37+03:00
4144b8d4-a14c-41bf-88d8-cbd2f6645bba,Zemlak3340,2020-07-20T17:09:32Z,2004-03-31,false,2025-02-18T06:19:03+03:00
a9443e98-4fac-41d7-9bc3-98b5089ff870,Wiegand5146,2022-11-30T20:49:44Z,1986-02-10,true,2025-07-02T14:27:03+03:00
5b0f7a55-56e5-4850-afc7-a92890faea2d,Roob9967,2021-05-24T06:05:01Z,1976-09-07,true,2025-06-28T05:43:29+03:00
b86c81cf-7ec5-4b9c-b67d-a08677d4cee1,Kling8926,2023-05-08T11:35:21Z,1969-08-22,true,2025-02-13T04:43:10+03:00
38e6d425-6c60-4d88-8011-50a2dd033c5e,Boyer1637,2022-09-30T23:41:47Z,1962-09-29,true,2025-03-19T08:53:41+03:00
67ab4ee1-657f-458e-8444-83320af0c30e,Champlin8116,2023-05-16T04:13:58Z,1973-06-15,true,2025-05-29T14:30:48+03:00
79727645-f866-4267-abf5-c0bfaee378e2,Orn3457,2024-06-12T23:25:31Z,1986-02-25,true,2025-09-07T05:09:23+03:00
bb9c9b0c-b48f-4379-89e4-4f5f552d058b,Hyatt6282,2020-04-15T17:03:51Z,1997-04-03,false,2025-03-07T06:46:23+03:00
e6de0288-e933-4531-bbf1-4a3441a4d4a6,Schroeder7813,2022-06-27T01:17:59Z,1995-02-20,true,2025-04-22T15:30:42+03:00
015cd3b7-89ce-4401-ac50-5bc6c7b23385,Lemke5319,2024-02-19T11:49:52Z,1951-11-15,true,2025-01-11T14:09:49+03:00
56e599ba-eab0-4e3f-b443-87bc71aa1145,Schinner1792,2024-03-06T11:38:07Z,1990-03-17,true,2025-04-01T04:49:25+03:00
73119803-dc27-4f4e-8114-387d823219a2,Zboncak1425,2021-01-30T10:36:12Z,1962-05-13,true,2024-12-19T22:33:26+03:00
08152db6-4694-4c5a-be5e-2b8bdcbd8ded,Zieme7871,2022-05-05T23:01:38Z,1956-09-09,false,2024-11-20T17:40:00+03:00
ec10a66a-2086-4a1f-8535-3d00879c6367,Rippin7957,2022-07-26T22:09:07Z,1973-02-04,false,2025-03-14T23:42:10+03:00
e1820924-7db9-4ca2-9cb7-44deb985c613,Dibbert4327,2021-10-16T01:29:01Z,1972-01-12,true,2025-04-16T01:06:07+03:00
fb918775-75bb-4694-bf3c-54ce61877528,Lind4722,2022-05-21T03:35:37Z,1951-08-02,true,2025-11-20T08:43:37+03:00
15edf91b-b27c-4de8-98cb-72c552b277c3,Turcotte9579,2022-09-17T18:01:11Z,1997-08-04,true,2025-06-08T05:25:14+03:00
5c56820e-57e9-4e82-9508-847ccc2c2973,Ortiz2747,2023-10-11T09:19:25Z,1956-09-18,true,2024-12-01T04:40:55+03:00
2a443bde-3b59-4c34-b6da-4291d9c318db,Klocko5239,2023-09-12T14:59:28Z,1984-02-16,true,2025-03-05T16:48:33+03:00
c31236f0-12cb-423d-a9fb-8bf48b5bd271,Bednar9975,2024-09-01T19:26:23Z,1974-02-23,true,2025-03-03T15:27:42+03:00
af8ae877-0d2b-4b1f-9cc9-0d03423c402c,Hirthe6355,2023-01-03T04:43:22Z,1960-09-26,false,2025-02-27T08:52:39+03:00
5b18559e-b9c2-446b-8853-5bd8998b66bb,Schaden2935,2024-01-30T13:43:38Z,1996-08-11,true,2025-03-11T21:36:14+03:00
29a33cec-f22d-4ea3-a441-296180b55a20,Towne2907,2024-05-29T05:04:09Z,1991-10-10,true,2025-10-24T08:57:25+03:00
58c7341d-ca3a-4e69-bec1-ec1072b47517,Fadel7271,2023-11-22T09:20:07Z,2002-11-30,false,2024-12-15T07:19:19+03:00
56202631-4702-41f9-99fd-c3341d1488a8,Reynolds9035,2024-08-17T19:26:01Z,1982-04-14,true,2025-07-24T23:01:53+03:00
f2cf4200-16e1-44aa-aadb-e1768031c441,Mayer7249,2020-02-21T08:26:44Z,1967-12-18,true,2025-10-29T11:28:22+03:00
d2b9c67d-9f3d-4448-94b9-77badee115cf,Skiles8420,2024-07-01T21:56:44Z,1981-05-18,true,2025-12-18T07:48:33+03:00
27a658b8-5df4-4dcc-84b0-7b977f51ee3f,Ledner6067,2021-10-08T12:18:58Z,1968-09-04,false,2025-09-30T06:55:00+03:00
cd68e245-31cb-4c90-b16f-c33bce399ef8,Rice6445,2021-02-01T09:32:43Z,1984-02-08,true,2025-04-27T13:15:09+03:00
c1902eed-117f-4905-ba65-ce0fa9877826,Robel2036,2021-03-10T19:51:16Z,1982-12-24,true,2025-07-13T12:58:58+03:00
f034ad3a-5ee2-4ffb-a57f-b787348202cf,Ernser8139,2020-10-01T18:33:28Z,1973-07-08,true,2025-12-02T00:45:32+03:00
2f5d9ffe-a209-4875-8d9f-445d3a5eccf9,Beahan7537,2022-06-04T01:34:22Z,1983-06-27,true,2025-10-19T14:49:02+03:00
788cff3d-6aff-4aaf-97e6-f01d9865f57f,Farrell3933,2023-06-03T20:24:02Z,1986-06-16,true,2025-11-27T00:06:21+03:00
b564cf98-1db0-49a1-af7b-5d445da89902,Heidenreich2904,2022-06-03T16:31:27Z,1958-10-11,false,2025-10-09T17:22:49+03:00
609c1bcb-f81f-4bf2-9c3f-cc0172ad3efe,Lehner1915,2023-12-05T16:38:26Z,1974-11-09,true,2025-12-05T12:54:23+03:00
0875556f-4da4-4567-98e4-9dbdc2bc4b0d,Becker3939,2022-10-20T02:07:57Z,1999-09-15,true,2025-06-06T05:20:27+03:00
baaaf1f0-0323-4adc-9c30-eba74cff5df7,Bergnaum7395,2021-05-25T06:57:54Z,1972-05-01,true,2025-05-02T16:40:49+03:00
595a7fba-7f7e-4530-aced-0596482399f9,Lind5963,2022-03-04T06:38:49Z,1959-08-18,false,2025-01-11T16:21:29+03:00
e272107c-fbcc-4367-a1ba-9daa41ccb8ad,Weissnat5884,2022-09-24T05:36:23Z,1988-01-01,false,2025-09-23T07:30:42+03:00
95a1edbf-57cd-494c-a381-6c7f88e2cbbc,Lynch9399,2020-06-27T05:02:02Z,1968-03-11,false,2025-09-07T05:56:11+03:00
22dabe03-7e38-4d1d-92f1-68b278702fde,Bernier5767,2020-09-04T11:17:12Z,1953-07-03,true,2025-01-31T22:58:26+03:00
5762b86f-96ce-4c08-a6e6-80a50874b99c,Shanahan7827,2020-01-04T06:30:07Z,1953-04-04,true,2025-10-14T09:49:51+03:00
d286b38b-240c-4832-bd00-84bfeeaf6aa2,Lowe3121,2023-04-03T23:05:01Z,1998-09-01,true,2025-11-13T21:10:44+03:00
d92c6cc9-1325-4657-9d28-c09103fbcb9b,Heidenreich4944,2024-01-15T08:58:44Z,1953-07-09,true,2025-01-17T20:06:07+03:00
4faeadfd-edaf-43e4-b36f-e395268ea4b7,Beatty4037,2020-12-16T20:37:19Z,1956-11-27,false,2025-08-29T15:39:12+03:00
5325589b-f3ce-42d6-ac0b-d6f47b998206,Crona6192,2021-12-03T06:08:41Z,1955-09-17,false,2025-03-26T14:30:36+03:00
05cd101d-6b31-4ef0-b175-255b836ebeae,Ward1103,2022-04-24T15:34:51Z,1955-12-23,true,2025-12-01T22:04:00+03:00
6c7b878d-289b-4807-a914-6fd0d783b8d1,Heaney4947,2023-08-13T20:06:54Z,1950-11-19,true,2025-05-09T09:41:45+03:00
9f178f36-f2fd-4194-b569-9850a4942fde,Heller4986,2021-07-01T06:55:30Z,1992-09-04,false,2024-10-04T20:05:17+03:00
98fe6a5b-d75e-4665-993c-20bc35bba652,Dietrich9987,2024-05-17T17:13:10Z,1998-02-13,true,2025-06-06T01:17:04+03:00
d77f8cfa-1d74-4346-9681-e59158a57d72,Walker5138,2022-08-10T07:53:41Z,2007-10-10,false,2025-08-20T21:13:31+03:00
d169d8ad-b16c-4d37-8b00-27caa5cbe07f,Kutch7265,2020-09-12T17:54:14Z,1991-04-22,true,2024-10-26T05:01:06+03:00
d064d090-80b6-485c-bfc8-030b949e658a,Tromp2650,2020-12-07T10:20:00Z,1993-10-26,true,2025-02-27T01:14:38+03:00
b3514cfe-6ead-44c6-9410-10636fa0b353,Schuppe5297,2022-10-03T15:13:58Z,1968-04-27,false,2025-07-13T10:43:53+03:00
242a1206-db46-4a85-8daa-b696e6d313bc,Schuppe5748,2021-07-26T22:33:37Z,1981-06-12,true,2025-06-21T13:10:31+03:00
934e488a-91d0-4d96-b9e6-49d53fc9530e,Trantow1692,2021-01-05T21:45:30Z,1982-01-16,false,2025-05-22T14:33:55+03:00
a40b7831-8fec-464c-a2c3-8cef91654986,Denesik2946,2023-08-12T15:51:25Z,1976-01-21,true,2025-09-11T09:13:11+03:00
98ca151c-8cca-444a-b046-f0eb2fdf9e0e,Yundt9743,2023-02-14T07:35:24Z,1989-06-19,false,2025-11-20T03:28:09+03:00
4f2f0a49-36cb-4836-bd64-cb3b9331d3a0,Dietrich8127,2020-06-13T11:13:17Z,1964-09-01,true,2025-08-21T16:36:27+03:00
556d047e-ae98-49f9-adb3-b7aea93da51c,Crooks6747,2020-11-11T09:08:49Z,1986-09-22,true,2024-11-09T23:33:09+03:00
adc0c8f9-0565-429c-a1dc-04d0f09db27c,Buckridge2797,2023-01-15T01:35:58Z,2005-10-19,false,2024-12-31T09:38:24+03:00
325dbbda-4a04-437f-85dd-73c87be0c288,Hagenes7614,2023-03-04T13:59:24Z,1978-01-31,true,2025-11-07T18:35:35+03:00
a8c65171-5074-41a2-acc8-6350b41837c6,Kreiger3005,2020-03-19T07:52:41Z,1973-03-26,true,2025-06-24T00:04:53+03:00
8ae1fd6a-57c6-4c8e-912b-c1ef6b882cbf,Simonis1292,2022-05-28T07:13:18Z,2003-03-23,true,2025-10-18T08:03:40+03:00
938072e1-130e-4ce3-b094-6632d7a2082d,Kiehn7103,2020-01-27T15:21:00Z,1991-03-16,true,2024-11-13T12:16:08+03:00
e89abac6-1801-4971-85ae-e4a511895aab,Jaskolski1095,2023-04-03T18:56:52Z,1992-02-03,false,2024-11-06T10:35:29+03:00
a84c3be0-69cd-4ea7-8bbe-fcbe524faf13,Bogan1890,2024-06-30T23:51:52Z,2000-01-18,false,2025-02-14T04:15:47+03:00
ccf1a0d5-c7d5-4687-90d2-5a673afe3717,Hintz6470,2021-09-07T18:36:52Z,1985-04-11,true,2025-06-08T22:26:05+03:00
c6514bc9-151a-45e0-855d-052a014c645e,Legros1024,2023-02-07T02:41:23Z,1974-11-10,false,2025-05-26T14:21:52+03:00
5552b02b-ceff-4cd2-84cc-324ead25b749,Schaden3443,2024-06-19T10:06:46Z,1950-03-07,true,2025-04-29T23:02:51+03:00
d299a1bf-48a7-4332-a9c1-4215160ed2c9,Kovacek3204,2023-12-30T13:44:34Z,1995-04-16,false,2025-11-15T02:43:26+03:00
db457cb7-ed02-44ad-91f0-7424f239457b,Tillman1400,2020-12-26T11:01:47Z,1962-07-19,false,2024-10-27T08:30:06+03:00
7a94e491-b03d-4ef9-8027-4bf5f2ef431d,Schiller4730,2020-08-12T07:11:50Z,2003-07-22,true,2025-04-22T15:17:20+03:00
5eea411f-d057-46b7-9030-1adee681963e,Sipes3552,2023-02-23T11:47:02Z,1994-09-21,false,2025-12-30T04:52:06+03:00
ca686cc3-870c-4128-95cf-f57c2831496a,Casper6789,2022-10-24T13:20:02Z,1951-02-26,false,2025-08-04T23:36:24+03:00
54594b4e-9842-4f4b-86a0-adda9f33624d,Hirthe4494,2024-09-11T16:37:15Z,1977-03-25,true,2025-09-03T10:18:36+03:00
eabf4fa6-022f-44a1-9caf-cb6b0aea9bde,Jerde3709,2024-03-07T17:33:32Z,1979-06-03,false,2025-09-26T23:58:36+03:00
3caacce5-31b6-429a-860e-6160f4c73ad3,Nitzsche1241,2024-03-09T19:22:21Z,1983-12-30,false,2025-05-01T00:18:52+03:00
c618dbf5-ce1c-4795-9f78-65f3cb6d306c,Kilback9162,2024-05-17T02:07:12Z,1966-06-04,false,2025-02-16T15:53:35+03:00
ca1faba9-94fe-4330-8776-34508831e62a,Medhurst1158,2022-09-29T03:44:07Z,1984-07-21,true,2025-11-24T18:14:42+03:00
42fcc309-43f4-4030-b479-376fdde4a0a6,Hoppe9964,2024-03-21T05:13:22Z,1973-05-09,false,2025-02-01T00:36:40+03:00
1623fd6b-4d5e-40c0-be82-a2aacb119ee1,Mertz5917,2020-02-15T17:13:14Z,1963-06-11,false,2025-10-03T12:25:43+03:00
aeddfdd9-e1e4-4194-9891-3b5e896068b0,Lakin6125,2020-05-25T00:17:13Z,1994-08-11,true,2024-10-24T18:45:41+03:00
7ea6611a-6772-4848-be07-a4ad638cf74f,Barton7522,2022-02-13T01:17:58Z,1985-04-11,false,2025-02-24T06:27:55+03:00
3b5024b7-5920-4c27-a3c0-024e5c0a6987,Miller6524,2023-11-17T11:42:25Z,1983-05-03,false,2025-04-05T05:47:24+03:00
b4c2911b-d056-410c-98fd-2198a329e41a,Pouros4923,2021-06-28T12:07:01Z,2001-07-02,false,2024-12-12T09:07:44+03:00
1e1a6041-0b42-46fa-92d6-ffc72a7c3ab3,Zieme3550,2024-01-09T21:10:42Z,1990-06-29,true,2025-06-27T12:10:34+03:00
02ac6dbc-bc4f-4ab4-86f4-3f99a13131e7,Gleichner6917,2022-12-04T18:21:17Z,1958-08-05,true,2025-03-29T18:26:04+03:00
2899d87c-4bcb-4cf8-9df2-2263cdf9c1c4,VonRueden6097,2022-01-04T08:12:36Z,1980-01-14,true,2024-10-12T00:44:31+03:00
a5c1e63c-560c-4f90-b328-043a7341bd76,Legros8313,2020-01-12T21:24:04Z,1996-01-20,true,2025-12-30T04:50:45+03:00
54d049cd-c9b3-4982-be88-5d236cf28318,Satterfield1238,2023-10-04T06:05:32Z,1979-05-19,true,2024-12-16T01:09:44+03:00
d80024a7-76f3-4091-a577-e55c0651d3a5,Mills7726,2021-06-25T02:12:47Z,1995-03-07,true,2025-11-22T09:25:35+03:00
15a83be8-0cc3-4db8-b2fb-2df955cf6894,Quitzon8384,2020-06-21T16:18:01Z,1981-10-04,true,2025-09-17T17:00:33+03:00
adf830f2-4350-46f5-bfef-412f0bb4fd32,Ledner8008,2021-06-11T10:59:59Z,1997-05-12,false,2025-05-08T09:12:59+03:00
a999cd91-ec47-4a9c-9b57-18ec3f23534f,Maggio8072,2022-09-15T13:49:43Z,1974-06-02,false,2025-08-13T08:23:42+03:00
ae76ebeb-4ad4-41a9-8ca2-d176019f958b,Bayer5081,2023-11-19T12:39:47Z,1968-03-25,true,2025-08-07T18:04:51+03:00
e19f3996-b8af-4e1c-9efa-6f284b951258,Zemlak1934,2023-04-05T03:26:01Z,1987-06-16,false,2025-04-26T18:34:18+03:00
1f7ab8f2-6425-4cd6-8656-ba7db7bff3cf,Lynch5640,2023-08-04T13:11:44Z,1972-01-16,true,2024-12-23T12:09:54+03:00
fcac7a85-232c-412d-a1f7-3da5d07bc6fb,Dibbert1387,2022-03-30T14:39:08Z,1984-11-12,false,2025-05-16T21:20:08+03:00
df767736-4f74-4518-8ea3-7452e44dbf54,Willms4844,2021-06-26T04:55:49Z,1985-07-09,false,2024-11-21T05:04:46+03:00
aaf4073d-c6b8-40d1-bf75-c44bc87f3ae7,Ritchie8131,2023-04-26T10:07:26Z,2001-04-15,true,2025-11-30T17:41:39+03:00
e66fc73c-87eb-4f16-9dd8-bb46979e9a15,Russel7211,2022-08-27T21:02:39Z,1988-07-17,true,2025-11-13T12:20:05+03:00
9947e6d3-4c05-4e14-b057-67448cb43d0f,Stracke6883,2023-03-10T21:21:41Z,1956-10-20,false,2025-09-30T03:56:39+03:00
9f79c7e8-398f-4bab-82b5-7bfec047441c,Luettgen6746,2020-09-02T18:15:32Z,1982-05-16,true,2025-12-09T17:31:05+03:00
84a1efa1-461e-4aaf-a8ab-610ba42cc150,Steuber3081,2023-11-27T23:38:15Z,1958-06-09,true,2024-11-24T22:49:11+03:00
ca47403e-b130-43dd-ac29-c388fcc7a8f0,Wiegand7454,2024-09-13T18:42:05Z,2003-05-04,false,2024-10-28T19:14:54+03:00
fee2ad54-7267-4784-9f42-bf86bc31eaeb,Skiles5566,2023-02-19T23:34:15Z,1974-01-18,true,2025-01-22T17:31:14+03:00
eb998e71-d10d-4dfa-8685-f94017e7c498,Dibbert7574,2020-05-05T20:03:21Z,2007-05-31,true,2025-01-06T05:56:31+03:00
36a2484d-f932-4cbd-b844-ec2804f53aaa,Turner8953,2024-09-26T08:26:11Z,1980-03-09,true,2025-04-25T12:32:39+03:00
ad641c09-7608-4ace-b60f-b6817ec160a8,Turcotte6186,2023-05-18T11:59:04Z,1964-04-06,true,2025-11-12T18:27:37+03:00
08076ef9-b6eb-4646-b08a-12714e73a666,Beahan8396,2023-08-28T10:33:42Z,1994-10-17,false,2025-11-10T21:30:27+03:00
0f6de672-aa85-45d4-9aeb-b469c09794ef,Kautzer3297,2022-09-13T13:24:02Z,1967-12-26,false,2024-11-29T22:23:48+03:00
4ca305c6-5fbe-47df-8fbc-f20854c35541,Swift7417,2024-03-21T14:52:34Z,1968-04-11,true,2025-08-06T04:27:36+03:00
b08a31bf-bb51-4ab3-a923-c29536949d14,King3347,2023-09-10T01:37:19Z,1973-06-15,true,2025-12-22T11:00:35+03:00
83c83dae-e4eb-464f-8c29-fb8e6350d74e,Rolfson8820,2023-02-01T16:25:37Z,1988-03-20,true,2025-02-28T23:05:54+03:00
13b21f24-1b56-47ea-a2b6-617b721cd9da,Williamson3823,2020-12-05T23:52:35Z,1977-11-23,true,2025-11-02T14:06:01+03:00
b5ae573a-b8df-4759-a01a-772a310d4d28,Jones3387,2023-04-05T06:48:53Z,2001-06-05,false,2025-02-22T02:21:08+03:00
a6c07010-54a5-43ca-921b-fbedabb4a0ad,Morissette7808,2022-12-19T06:48:34Z,2001-01-31,true,2025-07-07T13:18:54+03:00
6d77ff88-cc15-4fcd-a928-5d4ce43cbc80,Hyatt3623,2022-05-20T19:40:09Z,1965-06-06,false,2025-08-03T15:07:44+03:00
df43721b-0527-4518-9304-82901b6a6ebe,Rogahn5761,2021-01-02T01:46:24Z,1997-03-03,false,2025-03-23T18:45:49+03:00
1b4815d7-24a2-407a-920f-91a165191998,Halvorson2429,2024-08-14T05:58:07Z,1974-06-28,false,2025-04-14T08:39:11+03:00
d86ad87e-6957-476c-9421-37cd3f20a0cd,Bernier7417,2024-03-28T01:01:42Z,2005-02-23,true,2025-10-21T04:07:17+03:00
385540f0-c61d-4a30-b2f2-70f11209ef06,White4240,2022-12-04T04:00:41Z,1971-04-21,false,2025-06-03T20:24:47+03:00
621c860f-2875-45e5-a694-97646c4ff596,Lowe9375,2021-11-20T15:19:03Z,1962-03-01,true,2025-09-06T05:47:09+03:00
14b68282-8814-4733-a86c-47da0a42af56,Rutherford2946,2024-08-06T21:23:37Z,2000-04-17,false,2025-05-25T16:27:12+03:00
55bfbe6f-1acb-42a8-8d43-898a73cec802,Hane5550,2021-08-25T07:27:54Z,1993-11-08,true,2025-03-27T03:14:17+03:00
87d4d6f1-951e-4d92-827d-2730472c46e7,Ritchie8948,2022-03-04T21:47:24Z,1997-02-24,false,2025-06-21T21:47:32+03:00
15fb2ea9-3516-4f2b-9959-d711771d0b6c,Baumbach4431,2024-01-31T11:34:54Z,1960-11-16,true,2025-10-07T23:15:42+03:00
62ffbcdd-e4cf-4025-8860-dab94ebdc5ab,Dibbert8685,2023-05-06T08:36:31Z,1998-01-07,false,2025-10-26T11:05:22+03:00
1a975cfb-1281-4594-9d22-59bfcb0d7f8d,Grady5831,2022-05-09T13:01:13Z,1970-11-03,true,2025-11-07T00:12:38+03:00
7db993c3-5c15-4e27-8200-34d2a401a3c4,Kulas8357,2024-03-20T23:39:05Z,1969-12-12,false,2024-10-04T00:07:48+03:00
89441bb2-7480-43bf-a308-8ac2cff1543e,Jacobs2730,2023-06-12T13:51:52Z,1995-05-01,false,2025-12-20T02:15:06+03:00
d04a78ec-0e00-4a5e-a4ab-aae2f1bd7087,Stark7204,2022-01-25T07:27:24Z,1969-07-10,true,2025-02-01T14:13:58+03:00
45df3348-64fa-41b0-95aa-85c984bf4132,Baumbach1567,2023-10-09T09:26:24Z,1984-12-29,true,2025-03-05T12:21:43+03:00
b5c884c2-ed99-4fa0-899e-35bf9f383d2c,Cormier7945,2022-11-19T21:09:45Z,1989-12-24,false,2024-10-16T09:58:36+03:00
fa4dc659-d421-43f3-b97c-ab9d3d85cd45,Armstrong6821,2020-09-23T23:24:22Z,1950-09-26,false,2025-03-03T04:02:47+03:00
dfe2ae2b-82ca-4d06-ba83-383b0f0c89b8,Nitzsche9402,2023-02-12T04:28:12Z,1965-10-29,true,2025-12-31T15:26:24+03:00
307cae6a-cbf4-4927-8b00-192d9d877b31,Hickle1311,2020-08-17T22:04:47Z,1967-12-09,true,2025-08-30T01:39:42+03:00
dcf6ffa6-a1e5-4735-b436-33cc6ea17b55,Franecki5117,2021-07-02T05:45:08Z,2000-05-15,true,2025-02-12T14:10:16+03:00
ba4c1ba4-60c2-47cf-ad0f-7a311d27a7f0,Williamson8407,2023-08-09T19:42:28Z,1983-12-05,true,2025-01-10T16:57:05+03:00
54d25533-93c0-4a1f-bd4f-742f9a6747e3,Dibbert3848,2023-11-01T06:15:35Z,1956-02-06,true,2025-05-11T13:09:04+03:00
8715db46-7b06-47f8-bae7-ef7445a1dec4,Hane7265,2023-10-01T21:18:25Z,1999-02-27,true,2025-05-02T09:17:28+03:00
a2b91bc9-ebd0-44c4-bc23-0b996a040fca,Kerluke7379,2022-12-09T06:14:02Z,1972-12-10,true,2025-03-24T01:43:54+03:00
4d4dca0a-ffd6-4241-b30d-64571fa5bc84,Lowe1401,2023-10-02T00:42:01Z,1977-11-18,false,2025-06-21T03:01:56+03:00
fb392cae-004c-4819-b279-e241023e8511,Morissette9841,2020-04-21T11:44:06Z,1989-08-17,true,2025-03-24T18:26:19+03:00
ea668408-ca3f-4469-bb8a-f16d46c00cbd,Conroy5481,2022-06-09T11:48:46Z,1984-11-12,true,2024-11-20T20:29:57+03:00
2eaee4e2-c779-4da3-8fa8-49fb24987be5,Murray6358,2023-11-16T23:14:45Z,1993-09-19,true,2025-05-12T01:41:30+03:00
8fde0c3e-5f90-467e-b1c5-78188a412389,Breitenberg6677,2024-06-16T14:40:38Z,1950-04-10,true,2025-03-03T09:01:47+03:00
f3d42a3c-5af8-4485-a8ec-2044b2853876,Kiehn3560,2023-10-18T01:03:34Z,1953-10-14,false,2025-03-16T00:15:03+03:00
73dbe911-ef76-4736-86bd-2e04072388b0,Nicolas5349,2020-11-22T04:34:35Z,1979-09-06,true,2025-11-14T07:38:17+03:00
eac7f186-272d-4e98-809f-a02f5b64a00c,Jerde4310,2023-06-23T18:39:52Z,1962-05-06,true,2025-09-28T14:15:49+03:00
a0eddbf2-e232-4333-b965-5f5bd9d0dbc3,Larson8293,2023-04-06T13:42:01Z,1955-01-14,false,2025-01-22T00:13:43+03:00
84cfbfbd-94ce-4129-b9de-38a74b3a26bf,Hane8388,2021-08-21T02:21:31Z,1964-12-15,true,2025-04-05T11:45:12+03:00
d0e2b1ea-9934-4ba8-b854-068781d84fa7,Vandervort4696,2021-08-23T01:34:51Z,1970-03-24,false,2024-11-02T16:51:53+03:00
1d613ce5-6e93-43b9-a840-bbe37970b246,Effertz1490,2020-04-16T00:20:49Z,2006-12-05,false,2025-07-30T00:47:00+03:00
f9d3f0bc-def0-4359-9d55-b98382e5d506,Durgan2923,2024-06-25T03:41:55Z,1990-03-20,true,2025-06-08T05:58:19+03:00
29205234-d3ae-43af-832e-5e839abd09aa,Pollich5102,2024-04-18T03:59:20Z,1996-08-29,true,2025-11-01T20:48:20+03:00
f2aa1ab3-e043-4b6a-ade3-6e2e0c0c3c31,Christiansen9985,2020-03-05T11:47:06Z,1986-05-20,true,2025-10-09T05:49:45+03:00
489fbe04-698a-455b-9157-d3e83134f647,Senger2941,2024-06-23T01:03:04Z,1969-06-17,true,2025-12-19T19:35:31+03:00
c96d63e9-214c-493c-906c-0934312dff35,Ondricka3096,2021-06-04T03:22:59Z,1955-01-12,true,2024-12-29T15:52:49+03:00
18066efe-88eb-48c5-b7c2-333f3175647e,Ankunding7132,2022-12-18T08:45:24Z,1992-12-23,false,2024-11-04T09:42:27+03:00
c81253ba-c026-47be-a571-923d1b2dd007,Larson1991,2022-01-06T04:33:10Z,1956-06-01,false,2025-11-24T13:16:48+03:00
fdaca425-f94f-4204-8b85-1063844d4bc9,Baumbach6720,2023-10-03T06:49:36Z,1977-09-17,false,2024-10-25T16:42:49+03:00
85a90461-b00b-48e5-b2c5-387a06670588,Olson4663,2023-10-25T07:12:09Z,1962-08-01,true,2025-11-23T12:11:10+03:00
eadd8b10-1664-4268-9b2c-93cc0aa531d3,Ruecker2777,2022-07-06T05:01:14Z,1957-12-26,false,2025-07-08T20:08:51+03:00
6e90ac84-4b4a-4a21-b412-97b2356b5ec6,Deckow6488,2024-09-01T07:04:44Z,1975-04-24,false,2024-12-26T04:26:16+03:00
0f56eddf-8d6d-4cf9-9994-36ef7b613437,OReilly7170,2023-06-13T18:52:27Z,1951-09-21,true,2025-09-01T10:56:56+03:00
88cda1ab-c7cd-4453-b363-e7b3be3efe87,Legros2427,2023-11-11T17:22:13Z,1991-07-20,true,2025-09-16T11:56:32+03:00
25facd05-f23a-472d-a1ee-500396ba4928,Grady2159,2024-01-18T04:30:38Z,1951-01-29,false,2025-09-26T06:39:20+03:00
6d4038a3-5fec-40e2-9c4a-689a42b85a53,Huel1968,2020-02-18T17:25:46Z,1984-09-18,false,2025-10-29T17:14:23+03:00
f7fb1108-7afe-4b46-b511-bee6b8d5909f,Connelly5225,2023-03-27T19:12:10Z,1969-11-14,true,2025-05-27T08:01:13+03:00
1d1c316a-c5ad-4dc6-b51f-873a413b9b42,Goyette9253,2023-07-05T06:23:29Z,1967-05-28,false,2025-11-26T21:24:52+03:00
13895f26-fcb6-4a37-8dd3-1ef4de8474ae,Stamm7707,2021-10-11T19:03:01Z,1987-12-08,false,2024-12-23T08:34:00+03:00
c65aa8c2-a688-4d76-bd09-3ca62102c5e3,Okuneva2323,2024-01-06T03:28:16Z,1992-08-30,true,2025-09-13T07:16:15+03:00
26f7a72a-f1fb-4eec-b7f6-b9a03c2f8fec,Ritchie3772,2024-03-18T13:10:52Z,1977-01-28,false,2024-12-22T07:41:32+03:00
a855ec60-93b5-4da4-be4a-5b01e8da793f,Willms2876,2021-02-03T01:32:23Z,1999-08-14,false,2025-04-18T11:25:11+03:00
4f2e8770-c954-4156-b9a0-e4af61b47481,Haley5271,2021-12-02T00:09:42Z,1981-06-27,true,2025-08-26T07:49:11+03:00
b8e52bd4-84ef-4815-8bef-f0c8cd9dc20e,Olson1937,2021-04-12T22:49:20Z,1991-04-20,true,2024-11-10T16:57:55+03:00
944fabb0-1ef0-4f57-a790-9c10aa78cfea,Effertz1817,2022-09-26T07:41:45Z,1982-10-28,false,2025-11-28T10:53:24+03:00
3c89ddf3-e0c3-4a8c-9725-0090ed188a85,Nitzsche8687,2022-02-23T06:59:23Z,1980-03-11,false,2025-01-01T14:43:15+03:00
8a61808c-0e1f-4b64-a5a7-898f648db7c9,Okuneva8876,2022-02-19T11:35:01Z,1952-08-31,true,2024-10-18T04:29:09+03:00
435cea09-07af-4134-abbb-aeb1aacd3c5b,Gleichner1312,2022-10-26T22:57:24Z,1965-05-02,true,2025-07-24T06:14:22+03:00
26a5028c-d19b-4503-8381-22025f5ebc03,Langosh3817,2021-08-27T03:52:26Z,1998-09-19,false,2025-08-16T21:39:28+03:00
7f15b50e-9ef2-414a-85fe-f138f2219701,Grimes1947,2022-05-12T06:06:04Z,1967-05-21,true,2025-03-10T17:40:00+03:00
62f6c1ab-36e6-4344-8655-6f2153609e00,Hermiston3043,2022-12-30T23:03:32Z,1956-12-11,true,2025-05-08T16:53:41+03:00
28486749-134f-4962-981f-98e02e492981,Nicolas5300,2021-12-16T14:34:12Z,1973-07-29,true,2025-08-22T00:34:41+03:00
719ed4d6-075a-472e-bea9-1cc86757004b,Kling2127,2020-06-17T13:04:21Z,1995-11-22,false,2025-02-01T19:10:25+03:00
a67a94b1-3b6a-4905-a0c6-3cc30cee2c1f,Prohaska6209,2020-09-20T09:00:33Z,1988-05-03,false,2025-07-14T13:02:09+03:00
8ebd37a8-5081-4b1f-b9dd-d0d6d617d86d,Price7832,2020-05-07T16:01:15Z,1979-04-17,false,2024-12-10T21:48:23+03:00
faffd1f2-36f1-4f99-ba84-24ea1a503040,Howe2708,2020-12-31T21:44:48Z,1962-07-23,false,2025-09-25T00:14:43+03:00
f903b243-4e9b-4cc5-ac54-fbf66e345d5d,Spinka5985,2023-12-24T19:01:39Z,1970-10-24,true,2025-03-10T05:12:46+03:00
78d105aa-9f93-4dab-be85-2eb299fba9c0,Franecki7017,2023-08-25T04:13:53Z,1967-01-04,false,2025-02-11T09:32:00+03:00
0892b2f0-8b25-42e2-9ffa-c6f3375c8618,Spinka2954,2023-04-17T07:03:12Z,1951-04-13,true,2024-11-13T18:31:22+03:00
574da4b0-f7cd-448d-957a-c7d7bc335e11,Buckridge5763,2022-09-21T22:32:13Z,1989-07-15,true,2025-10-24T05:08:16+03:00
6bb5312f-08fe-4f2e-aab4-0f3327e186a3,Daniel3429,2024-03-25T04:17:43Z,1961-10-18,false,2024-10-08T08:26:58+03:00
ff43179a-6bd0-4c22-8781-72f6b3f44613,Schiller9087,2024-03-25T09:25:09Z,1956-10-15,true,2025-07-31T21:08:26+03:00
9abafc16-b225-4896-ab6e-538a371d9a4c,Bogisich6854,2021-02-27T11:19:32Z,1989-05-26,true,2025-02-04T06:44:58+03:00
6a7a3dd2-7ea7-4c8b-b49e-a0f6af0d79a9,Mills2667,2022-03-25T16:18:02Z,1958-11-27,false,2025-12-24T19:27:42+03:00
d61948ab-7709-4e54-88f9-c3d6e0308f7a,Witting5456,2020-03-18T05:38:18Z,1952-09-03,true,2025-12-05T07:53:07+03:00
aefbcb26-6c1c-4862-b13b-308818d831a2,Schmeler7242,2024-01-11T19:56:07Z,1967-05-04,false,2025-03-14T21:53:46+03:00
6a96b5ee-78b3-4abc-9ac3-061eddf398f6,Prohaska5454,2022-07-11T17:20:52Z,1990-09-10,true,2025-05-31T16:30:31+03:00
a5133687-ce0d-4f34-90b1-9115e0b98b7c,Waelchi9546,2021-04-19T22:20:57Z,1969-07-19,true,2025-07-01T12:32:20+03:00
06c22ab2-044e-415e-a684-4b75179efa34,Kutch1494,2021-03-09T04:20:43Z,1952-03-13,true,2025-05-12T01:51:13+03:00
c84fe7bc-91d5-48ae-ac06-af251c004cb4,Johnston7879,2024-05-20T00:46:58Z,1952-01-10,false,2025-02-13T07:31:42+03:00
f8c832fc-f446-465f-9a46-b3db3190dcd6,Dickinson1264,2022-02-24T01:14:06Z,1997-07-12,false,2024-11-02T20:31:33+03:00
57636729-019a-4ba6-8733-7ed09907bce5,Heaney5034,2021-10-11T23:33:23Z,1968-10-31,false,2025-08-03T22:12:44+03:00
d531972c-7293-49a4-a306-c0059683c0a5,Reichel6255,2020-05-14T03:07:11Z,1987-04-07,true,2025-11-30T02:43:06+03:00
30762ecb-0ac4-4d20-bbd8-154f170d23b6,Mohr3751,2021-05-12T19:52:36Z,1985-06-08,false,2025-10-11T21:33:54+03:00
432c99b7-4596-4b35-baf0-69d8058dc4b0,Franecki2385,2020-10-28T06:48:41Z,1992-09-13,true,2025-04-19T09:21:35+03:00
fa088488-9ae1-49d9-96aa-827cd0794454,Ankunding4871,2022-12-24T04:23:30Z,1987-12-13,true,2025-09-07T17:06:33+03:00
06415b3c-c497-4941-a1a3-ef3bdff2a3f7,Zemlak5407,2021-07-15T16:45:12Z,2004-11-22,true,2025-11-02T17:49:10+03:00
a85dad8d-64db-4b1e-a437-c4003aea356c,Marvin1459,2021-05-28T22:04:06Z,1965-08-28,false,2025-11-11T01:05:23+03:00
ac9056d5-86bf-470e-8529-c92e8c0252f3,Reinger1769,2023-11-18T09:10:41Z,1958-03-30,false,2025-01-05T22:14:26+03:00
ea9c40b8-7072-463b-8e7a-0f2d101c947f,Kemmer9628,2020-08-21T19:44:39Z,1959-09-06,false,2025-09-23T10:30:56+03:00
8b0091d3-a4cb-4895-9d04-2d38c357b7f6,Herman7724,2020-02-05T19:55:31Z,1957-02-03,false,2024-10-19T09:16:58+03:00
56cf2ec5-1fb4-4471-b553-917e4dbe2ab2,Carter8377,2024-09-05T15:23:53Z,1977-10-03,false,2025-03-18T06:34:20+03:00
c63e6e30-e401-49f0-befa-f69b88882f6f,Hammes2774,2024-06-13T01:30:38Z,1984-09-22,false,2025-11-15T06:26:34+03:00
ade80590-ca7a-40d4-9ee4-bc005182081b,Aufderhar2833,2020-07-29T08:56:07Z,1966-09-25,false,2025-04-25T19:18:53+03:00
cde5ad56-6ddc-4a7b-ad45-476a41144856,Nader6686,2023-06-09T14:26:09Z,1972-07-25,false,2025-03-18T22:05:03+03:00
f8e1d3e5-e406-4634-9391-8903d21d1ab1,Kulas4070,2023-08-28T04:52:08Z,1952-01-16,true,2025-11-10T00:37:31+03:00
a8b50bf5-1f79-4d86-ab86-c0d921144a74,Lockman7310,2020-11-27T23:05:03Z,1984-03-01,true,2025-08-05T01:44:54+03:00
e0f9e54a-da4c-4043-8b14-e595c2d6a2d1,Hegmann4850,2024-06-06T01:04:05Z,1989-02-03,false,2025-09-25T10:58:07+03:00
98eb54a9-ed35-46d8-8468-ce7a34e81be3,Kuvalis9419,2020-11-28T07:00:40Z,1993-12-31,true,2024-12-02T17:55:29+03:00
83b5bc80-4a16-4382-9e33-c3be9af4b2ed,Jast2308,2021-10-08T12:36:46Z,1952-02-09,true,2025-10-19T10:02:51+03:00
2afa3181-fe8c-45a8-88c1-13f601f533b0,Murphy9909,2021-03-28T01:42:20Z,1955-05-23,false,2025-03-07T17:57:57+03:00
af1f7c01-9f4d-4ab7-8458-4a5b601df291,Brakus7372,2020-12-06T23:49:22Z,1961-09-25,false,2025-04-07T20:21:26+03:00
29101500-db29-464a-8565-6fcb7d3dbd89,Kautzer3078,2022-03-01T15:26:55Z,2003-02-11,false,2025-05-02T18:35:20+03:00
c35c1787-f6d1-4baa-b2b8-a7f8a58e5e25,Franecki6568,2022-01-30T08:05:28Z,1978-12-25,true,2024-11-05T18:22:18+03:00
446a8ec4-2a24-4328-9c43-87f239979d0b,Ryan5726,2024-09-29T09:23:39Z,1978-03-31,true,2025-12-15T14:31:51+03:00
cb4b6397-1443-4aad-a7ec-e92b8e55aab1,Kuphal6108,2023-01-02T05:51:29Z,1961-03-26,false,2025-08-14T12:21:14+03:00
ec7360e5-835b-4c34-916c-35061fb064fe,Hickle1956,2024-05-29T20:31:13Z,1964-01-11,true,2025-12-15T19:22:46+03:00
a5d10f30-589f-4be8-a4b3-e7b7dad31a1f,Wisozk8135,2022-06-18T07:23:52Z,2003-07-02,true,2025-05-15T07:04:36+03:00
63e04d69-501b-4c31-9013-d28b64324f31,Douglas6560,2020-11-21T02:58:37Z,1993-05-13,false,2025-05-31T10:23:32+03:00
19a23e48-4b48-4856-b3a2-64cbd9e5975a,Gottlieb9778,2024-03-03T03:13:27Z,1950-10-07,false,2025-01-23T21:18:20+03:00
b213d995-92a6-4f90-85da-70ae30643345,Kuphal8871,2024-08-08T17:26:59Z,1989-04-07,false,2024-10-21T08:34:45+03:00
d332bf22-2d60-4d1a-8a6b-3325bc381548,Jacobi5183,2022-08-11T14:23:18Z,1980-11-20,true,2025-01-27T03:09:53+03:00
16b9376c-b603-404f-8813-1782183ab592,Paucek6583,2020-09-18T21:00:02Z,1960-12-06,false,2025-03-22T22:27:20+03:00
c037b296-2abd-4637-89d9-0c44c1fd5e52,Nitzsche2783,2022-06-27T17:35:46Z,2007-05-10,true,2024-10-11T18:18:36+03:00
e727820c-dc8a-4ee0-898a-6b0cd48fd27e,Ondricka9446,2022-10-31T03:26:12Z,1965-03-16,true,2025-04-16T21:10:40+03:00
debe601a-798b-47d8-b27e-33700c48bff7,Greenholt3256,2022-07-13T09:11:12Z,1990-09-05,false,2025-07-08T15:06:40+03:00
9163de4d-1641-4c7c-9669-ef305a46e2eb,McGlynn6264,2021-08-14T07:09:45Z,1987-07-12,true,2025-06-02T19:16:32+03:00
bd6509b8-ccb9-4f0e-992d-94bc9ffc6d2c,Schulist2562,2024-05-18T17:30:59Z,1976-07-23,false,2024-12-19T04:27:14+03:00
77736dc2-7f6d-4ba9-a1c6-f1035727aa2f,Smith8962,2020-07-04T11:07:55Z,1984-05-29,true,2025-09-21T15:03:44+03:00
2217e2d1-0a07-4b2a-9f22-dc9d65439986,Reynolds8679,2024-04-11T16:32:00Z,1951-11-21,false,2025-02-06T08:50:17+03:00
e57daf4a-e680-4ead-9d26-ef760a68b854,Klein7323,2021-04-02T16:47:31Z,1971-12-02,false,2025-08-16T04:45:08+03:00
21f980cf-c004-4d1e-a843-841e9aabc07d,Homenick2630,2024-04-14T22:39:12Z,1999-06-07,true,2025-06-20T03:43:26+03:00
b9ee76a8-193f-4caf-a75b-dfd8a8da81b5,Volkman8695,2023-09-14T11:07:46Z,1950-05-09,false,2025-07-13T23:51:15+03:00
934b1618-4efe-4781-8fba-8ca9b2b16446,Hirthe1732,2024-09-03T13:02:42Z,1957-12-14,false,2025-02-18T05:50:15+03:00
e4bbf94c-7154-4d3c-b782-916d0edacaae,Haag2792,2023-02-16T15:50:30Z,1958-05-03,true,2025-08-09T17:29:07+03:00
29ca36da-2e54-401a-bbd0-5677fc72d5a1,Moore6222,2024-01-17T06:05:01Z,1979-06-07,true,2025-01-12T17:33:04+03:00
baff56f9-d975-4d87-8953-806d53b15e94,Rath8992,2023-03-20T05:53:28Z,2007-04-16,false,2025-07-16T06:51:59+03:00
11df71fb-4dab-487b-934e-db3d477770aa,Abshire5406,2024-03-01T05:27:38Z,2001-06-27,false,2025-05-30T08:23:05+03:00
38b3e058-d489-47f3-bdae-ed1e5ee54b19,Crist6900,2020-03-06T21:47:20Z,2007-11-11,true,2025-04-29T07:53:39+03:00
97a5551f-e6d0-4c3d-bc3d-754be0c7da76,Schumm4706,2022-07-03T09:25:47Z,1950-11-02,true,2025-12-04T19:37:35+03:00
da683cc7-59e3-4a08-b8b9-78e11d6794b0,Toy9975,2022-12-24T04:18:59Z,2004-06-18,true,2025-10-11T08:23:55+03:00
cd5059c8-3832-490a-8f3f-f0bcb9cb3318,Gleason9567,2024-05-30T22:10:45Z,2007-08-07,false,2024-12-25T13:42:07+03:00
78c1b197-5b46-4a95-a1a3-fdab77f2b133,Wehner6822,2021-12-12T14:44:35Z,1985-11-29,true,2025-02-03T13:06:42+03:00
dab3b1f0-7cbe-40e5-b2f5-8bf70ad61a5b,Emmerich6463,2022-03-26T09:57:41Z,1979-05-29,true,2025-12-11T19:05:26+03:00
09b24f91-abf4-41ad-8fc6-d736b0bb6c6c,Nicolas4776,2021-08-06T01:06:40Z,1952-03-25,true,2025-08-23T16:52:53+03:00
269bbc11-e647-4ecb-9a6f-bde70eaf94ef,Kling4923,2020-05-26T05:49:16Z,2004-09-26,false,2024-10-04T07:27:08+03:00
6f5c8462-dd55-4b3c-9717-04f66ee5d610,Quigley4701,2020-08-24T19:31:17Z,1999-12-23,false,2025-09-02T15:38:06+03:00
0f6add5b-efdb-48b8-8883-61d2fca89ef9,Walker8893,2020-06-03T09:47:07Z,1957-09-29,true,2024-12-24T03:26:09+03:00
0bf09c20-ee70-4132-898b-7e547f1a932a,Buckridge9657,2020-05-10T20:38:33Z,1994-07-12,false,2025-08-23T05:08:12+03:00
7e3b48a8-445b-40cd-a16f-a7e9f0366486,McGlynn2469,2022-05-30T21:59:02Z,1952-06-04,true,2025-04-01T15:27:50+03:00
6dcb74b1-e74d-4f94-a5d2-5b19b2911f8f,Weimann6391,2024-08-21T01:32:11Z,2002-07-18,true,2025-12-30T16:27:38+03:00
7aa9f268-a950-47af-8cb3-5083ccb43278,Welch7977,2021-06-18T19:34:28Z,2005-09-28,true,2025-01-25T01:12:56+03:00
8da49881-a076-4900-b8dd-3e0c954467ac,Yundt4421,2024-02-06T12:51:54Z,1999-05-30,true,2025-01-14T12:59:21+03:00
cad650b7-fa81-469b-b163-63c11048e57a,Hane5320,2023-01-11T16:56:57Z,1956-11-18,true,2025-03-10T08:25:39+03:00
fd8aab18-c916-4fa0-bf7e-94d030effa1c,Lindgren3848,2024-02-18T10:48:14Z,1980-02-02,true,2025-05-05T07:53:35+03:00
f002e484-fcf0-4f67-9a9d-23b9d683c7d1,Collins7865,2023-07-01T11:08:42Z,1968-04-24,true,2025-05-09T23:05:43+03:00
6bfc0cbd-f0e6-46b1-8c1b-66d3eec95bbf,Heaney2930,2023-02-01T06:13:34Z,1976-09-17,false,2025-09-29T19:12:47+03:00
d1ccb39a-07f7-4ba1-bfdd-08481f3906db,Block2328,2020-12-06T01:47:04Z,1993-01-24,true,2025-01-05T23:06:56+03:00
fd5cf00e-a6e4-4016-9124-6efac778612c,Luettgen4305,2024-07-19T00:52:50Z,2006-04-07,true,2025-10-16T16:08:37+03:00
017f2714-968b-46ed-bf61-e99737af7045,Toy5690,2021-04-14T17:40:32Z,1980-12-07,true,2025-02-12T21:31:41+03:00
d70dffcc-a442-4d37-af6c-c17fb2714697,Roob1378,2020-06-25T17:06:20Z,1985-08-12,true,2025-01-18T22:30:34+03:00
b68ebdab-bf3b-4101-b7e6-e53d5f348f22,Schuster9173,2020-04-04T05:19:50Z,1951-10-28,true,2024-11-05T07:00:19+03:00
891a6bd1-c60b-4049-a860-cf2f4d1f568b,King3239,2020-05-20T23:38:00Z,1989-06-04,true,2025-12-29T07:47:48+03:00
a6d110b8-350b-487d-9ea7-746740c17770,Raynor8397,2024-02-20T09:10:28Z,1974-09-09,true,2025-04-18T08:15:02+03:00
cf2574af-9714-4281-9ee9-3ab0dcb3bda9,Flatley2880,2021-10-04T06:48:15Z,1985-10-22,true,2025-01-02T11:22:31+03:00
51e48862-c0e6-453e-8a42-5e9fc7a85cb3,Larson7246,2021-04-29T07:56:18Z,2005-08-18,true,2025-11-28T10:03:08+03:00
642229ba-658e-46b8-a65d-cf905425781a,Schoen6660,2023-11-28T23:21:03Z,2003-10-17,true,2025-09-30T10:31:32+03:00
3ba18d2e-733c-470d-8568-2407133eebd8,Willms4678,2021-07-01T13:28:49Z,2002-09-26,false,2025-03-14T14:24:30+03:00
9354b7cd-6eb9-4d30-a9fa-b81b34bb2726,Johnson5846,2022-05-29T02:42:16Z,1951-05-14,true,2025-05-25T23:11:45+03:00
0575d18d-da54-4a1e-bc79-a5a605ee4cae,DuBuque3403,2021-02-10T14:50:46Z,1989-05-02,true,2025-03-21T18:33:30+03:00
2726b2b8-bee7-4b00-b3fb-982687d96e29,Aufderhar7483,2022-09-22T16:02:59Z,1959-08-29,false,2025-01-08T17:06:11+03:00
b9e522c9-f74f-48f6-a80e-b35b768b24a6,Fahey4908,2021-12-22T18:36:47Z,1966-05-01,false,2024-12-06T21:21:46+03:00
14b76041-5dc9-4fe7-8586-8eca9cba2e35,Stokes1679,2020-07-17T00:08:43Z,1955-03-08,true,2025-08-22T00:02:54+03:00
430d7ee7-ff39-44ec-97c7-a1199827783f,Beier6228,2021-01-27T09:39:13Z,1952-06-23,false,2025-08-19T21:42:20+03:00
09e8b9d6-69b0-40e8-8867-2b2d3ec81891,Howell8887,2022-03-13T03:29:41Z,1969-04-19,false,2024-12-11T00:28:46+03:00
34da39a0-9f8b-4899-b4de-0c1d5cad957d,Welch5776,2020-10-27T00:27:59Z,1987-11-10,false,2025-07-16T17:51:54+03:00
edfc9084-f3c8-4529-995b-25342a8cd5d8,Cruickshank2500,2023-05-15T16:13:07Z,1972-03-11,false,2025-07-10T22:21:38+03:00
ecdf7a1a-3ae1-4081-8af4-d3ba1148b6b0,Abshire7875,2023-10-01T20:02:56Z,1972-10-16,true,2024-12-14T23:42:51+03:00
8598bfe3-919d-416d-a2f6-fa9c40624889,Crona5190,2021-01-12T16:58:13Z,2006-08-19,true,2025-07-23T03:02:50+03:00
6da14667-6e6b-4cb8-a9b8-eefc3f3bc144,Wyman5071,2022-03-03T10:57:04Z,1969-07-13,true,2025-01-07T04:44:40+03:00
05b1d1c2-0130-48a6-85e2-bb6d3bfcf244,Rogahn7889,2020-12-08T11:09:47Z,1964-12-11,false,2025-01-31T08:46:46+03:00
685084b8-dc1e-4c8e-bfa8-f95f80d1ecc4,Schmitt9613,2020-08-20T14:54:18Z,1972-06-10,true,2025-02-17T18:11:50+03:00
6d804e60-526a-4cf6-93f2-bf4c0f20cf88,Welch5501,2023-05-23T11:02:38Z,1984-03-03,false,2025-01-06T22:36:32+03:00
b0457f6b-9f54-4169-b4c6-99b3490effa4,Pouros5808,2022-07-19T10:00:34Z,1951-10-03,true,2025-11-28T11:49:24+03:00
09b95df7-df5d-4f50-b716-07474f28bc57,Bradtke7004,2023-02-21T05:53:06Z,1959-12-02,false,2024-11-30T23:41:01+03:00
8da849b4-3d3b-4952-bb80-5ce96937d2f3,Lebsack7357,2021-04-12T19:06:13Z,2007-11-28,false,2025-11-21T19:31:48+03:00
87a053e8-817d-4eb2-98e8-8667d20f03a9,Ankunding7754,2023-09-13T18:20:24Z,1992-12-27,false,2025-12-13T12:47:57+03:00
e033d15d-2944-4912-893c-0661a6ac3082,White2941,2020-11-09T03:49:52Z,1982-11-28,true,2025-04-06T00:21:55+03:00
d6919d6b-fe87-4cd0-8fbe-ec8fb578f46f,Hermann6822,2020-11-16T23:45:42Z,1968-12-23,true,2025-03-30T02:07:32+03:00
0681287a-504b-47c0-ac7f-3d5138322393,Hoeger6422,2020-05-14T04:45:13Z,1995-04-05,true,2025-05-21T14:45:31+03:00
224aec5c-0a15-4ee1-ad8b-b0fdc2c075f8,Ruecker4602,2021-01-10T17:39:35Z,1983-11-17,true,2025-12-20T01:41:06+03:00
5ad5ac9c-dd66-4029-8eeb-c96a2fa3ad72,Ferry1234,2020-07-01T02:28:03Z,1969-07-29,true,2024-12-21T10:13:38+03:00
6606e3ac-c0c2-46a8-a1d9-2d78bdfc74ce,Yundt2295,2023-11-20T22:46:12Z,1961-04-15,true,2025-12-08T20:06:16+03:00
1e23ad99-31a4-439f-b431-7970cf4d687b,Kuvalis6731,2020-05-10T06:06:23Z,2005-07-20,false,2025-10-17T09:58:12+03:00
28482ea8-cdd2-4b5a-a107-21589d6512e9,Thiel2683,2020-08-15T02:18:17Z,1967-03-10,true,2025-12-16T10:10:46+03:00
ef808c4b-968d-453e-b895-0c44ac8fb0e9,Stamm6319,2020-10-03T16:51:37Z,1998-05-09,false,2025-01-18T05:28:20+03:00
020b4ca8-d77a-4125-97ed-727232a8ee30,Maggio8006,2024-07-09T22:45:04Z,1964-08-11,false,2024-10-13T14:16:57+03:00
40123420-4b0b-4a62-aa50-d4006472b4ba,Kunde6179,2021-09-19T03:37:13Z,1985-11-19,false,2025-03-15T23:31:07+03:00
4cd12c63-bb46-44a6-af28-926df45c4834,Beer4648,2021-08-25T00:07:14Z,1984-01-24,false,2024-10-17T04:59:27+03:00
4812d422-cfc4-4370-97c9-7648e89b25ad,Torphy1595,2024-03-18T21:25:33Z,1995-09-15,false,2025-11-07T14:32:52+03:00
ba9a6acc-c825-4207-8f47-61b7883518d6,Glover8472,2023-04-04T02:21:07Z,2005-07-26,false,2025-12-01T07:46:09+03:00
ce21f711-a755-4ce8-b56d-2838b562cc65,Bernhard3048,2024-03-23T17:35:16Z,1973-06-15,false,2025-04-10T06:59:48+03:00
22090399-58d7-45af-82ed-f318d1fa47b4,Hettinger3176,2024-08-01T08:12:30Z,1989-01-06,false,2025-10-17T16:10:07+03:00
f40c84bd-0713-46d1-9b79-0c9937423b8e,Reichert2936,2023-01-09T00:46:34Z,1989-01-24,false,2025-02-21T09:40:31+03:00
1d5584ec-28f3-4e4d-a5ac-3b75ed1a4eea,Spinka9338,2023-06-20T04:56:24Z,1997-04-12,false,2025-07-28T07:58:51+03:00
f13981ae-50bf-4441-923f-8d81c81ae868,Wisoky7794,2023-05-01T11:14:24Z,1969-10-12,true,2025-11-16T13:28:22+03:00
5c1945c6-f2ce-4961-90d0-44ff2457ca18,Hermann7264,2021-09-22T03:05:26Z,1970-10-19,true,2024-10-25T06:14:48+03:00
159fe1d7-31ab-49e0-97e2-ee84a3c3389e,Ondricka1768,2021-11-29T22:25:39Z,1960-02-20,false,2025-01-03T01:11:24+03:00
cb15d63b-3274-4840-b23e-76e6ba7ab6f0,Windler6077,2020-07-12T14:17:32Z,1967-03-22,false,2025-06-09T10:48:38+03:00
d6b058c5-babe-4f5d-9576-b92f0f596e12,Christiansen9918,2022-10-11T08:12:22Z,1961-06-10,true,2025-12-26T22:39:28+03:00
39d7cb95-3622-4acc-8d3e-978447721ebd,Morar1239,2023-08-26T01:36:26Z,1988-10-04,false,2025-06-22T03:12:32+03:00
81d67647-6680-41d1-97dc-8b4b9a2ac5d9,Moen3480,2022-09-02T01:17:41Z,1981-09-09,true,2025-11-11T02:33:04+03:00
9292e2b9-8543-4f76-b167-15d371caee3f,Braun6089,2021-12-29T19:58:20Z,1985-06-10,true,2025-10-07T18:22:59+03:00
d97658cf-0c4e-4ea7-8aec-2c541f47e917,King9140,2024-05-09T02:54:28Z,1967-07-08,false,2025-02-25T12:27:13+03:00
721208ce-80fb-4182-8163-6170098dc266,Kreiger5373,2023-11-28T02:41:04Z,1986-08-03,true,2025-10-01T14:58:26+03:00
e21f5a54-1199-49a9-9376-07f1a5a1dbd1,Erdman2170,2024-04-07T06:41:52Z,1986-02-25,true,2025-06-28T03:28:29+03:00
3836dd58-65e3-4a12-a0a7-1ed6a07d95de,Terry4566,2024-04-19T12:55:05Z,1957-05-10,true,2025-12-23T12:35:28+03:00
cc943ad1-0b77-464a-9932-d406f29948a1,Luettgen9182,2022-01-21T04:40:17Z,1989-10-05,false,2025-10-07T20:03:45+03:00
c24bdbbb-a1cc-4538-a74a-245175143d35,Conroy5407,2023-06-04T10:13:49Z,1956-01-22,false,2025-01-08T21:49:18+03:00
b1819eb7-d3b2-439c-bf0b-0220eeb82243,Hansen6287,2021-01-02T16:50:34Z,1976-08-23,false,2025-08-21T18:02:14+03:00
47068f87-f5eb-4c04-bd02-53e700f4902d,Lowe2913,2020-09-02T21:43:21Z,1990-01-07,true,2025-12-13T22:52:47+03:00
f4c72924-3059-475b-90ef-51a27c702ae9,Eichmann9754,2022-07-04T14:56:33Z,1954-11-14,true,2025-01-10T00:02:53+03:00
cd38e297-dd90-4a72-aee2-734024b9af17,Will9981,2020-12-07T03:02:01Z,1961-12-31,true,2025-05-13T22:15:55+03:00
dc678045-2b0a-4481-9c2f-63e11c2cc8e4,Harris2676,2020-06-08T03:32:03Z,1988-11-25,false,2025-06-16T10:24:31+03:00
dcc80589-279d-400a-afe5-dca3c3822b9f,Armstrong3032,2021-08-20T10:04:09Z,1998-05-12,false,2025-10-24T10:43:24+03:00
015abb61-a917-45eb-8d84-f3b7ed6755ac,West6793,2023-06-19T15:04:34Z,1986-11-26,true,2025-09-07T06:28:05+03:00
6f9ae76a-5d84-447a-90ca-84e9d1b0eac1,Carroll3142,2022-12-27T04:51:10Z,1970-09-22,true,2025-06-26T18:32:50+03:00
36ac3bb4-c37f-414b-a770-230fcb7556b2,Bogisich8271,2024-08-16T03:37:28Z,1968-11-14,false,2025-04-17T03:14:29+03:00
c79b6d25-42ee-4813-93d9-44144a63d630,Ortiz9284,2023-04-10T03:46:15Z,1992-11-10,false,2025-06-17T01:55:20+03:00
fe745f3b-c267-4dc2-a257-01c291b6e245,Treutel1881,2024-04-27T05:03:04Z,1963-02-12,false,2025-01-23T14:35:31+03:00
209d20b9-af72-4a54-95ef-d957053b713c,Deckow3396,2022-06-19T20:08:15Z,1992-11-04,true,2025-02-22T19:21:41+03:00
07566d09-3b35-4666-8110-ddb5acda9a7b,Pouros5661,2022-04-02T22:34:56Z,1985-01-22,false,2025-01-19T02:04:17+03:00
005e0bb2-61a9-4e15-84b0-8435479da5ff,Beahan7469,2020-05-07T06:33:52Z,1963-09-05,false,2025-03-21T02:19:08+03:00
9f11e8e9-52c5-4338-8ead-e43d4111b78a,Von3227,2024-09-16T12:19:01Z,1993-05-11,false,2025-07-31T20:42:53+03:00
d6705fd4-6875-459b-9de2-1b0b4bc694ee,Marquardt6095,2021-10-26T06:41:51Z,2003-02-02,false,2025-07-06T12:15:29+03:00
3225ed3c-6e5d-4330-a4af-97047ae8a649,Welch2481,2024-09-06T09:07:00Z,1969-05-23,true,2025-02-16T13:18:54+03:00
b7c7febd-64e8-455e-9dcc-6f8dbbb9e897,Yost2783,2023-08-03T03:44:34Z,2002-06-23,true,2025-12-06T16:32:47+03:00
8668ad2c-9d9a-4a9f-9599-35ae5a4a8404,Stracke5433,2022-04-26T04:08:04Z,2004-04-24,false,2025-12-31T06:59:45+03:00
f6b477c8-8a30-4bea-b15e-74b323adad6b,Veum4951,2023-02-23T04:05:45Z,1964-03-17,false,2025-12-29T21:06:16+03:00
e9357ae4-8a6f-4602-a94e-d7a22319f6bf,Satterfield3248,2020-11-22T17:06:54Z,1990-10-30,false,2025-09-03T20:46:17+03:00
9a732209-6390-412c-ae1e-a54cbaa157af,Kub3339,2022-10-03T21:38:17Z,1978-02-26,true,2025-07-01T03:54:28+03:00
ae31ec2a-9823-4b9c-a124-ac1cba1caf2a,Nicolas3241,2020-03-17T17:12:44Z,1969-05-29,false,2025-11-09T16:59:52+03:00
053b61b7-5c0d-4816-9103-1a21caf36691,Ratke2646,2020-02-19T13:33:37Z,1979-04-14,false,2025-06-19T16:08:04+03:00
51ef52c6-ad3f-4b50-929d-94f942ec9940,Ebert3872,2020-06-28T01:58:38Z,2004-08-10,false,2025-08-13T16:00:35+03:00
074d13f9-ba11-454f-97f3-da46a3a0d9d9,Johnson9812,2021-10-03T07:27:01Z,2003-03-24,true,2025-10-05T20:17:57+03:00
7f6e3737-e8c5-47b1-8178-b8dff7851ce7,Hermann1949,2022-06-27T10:13:58Z,1985-08-07,true,2024-10-18T13:16:25+03:00
b27e6231-41dd-426b-9cb2-cc12b5bb54da,Champlin4954,2020-07-15T18:45:30Z,1997-11-04,false,2025-07-26T00:45:49+03:00
ca3279c4-5792-47fb-b3a5-c98b10ba1214,Brakus4598,2020-09-26T15:35:55Z,1962-08-23,false,2025-08-04T06:17:39+03:00
3eaa133a-dc7a-452e-a7c1-965c696d8ce8,Johns3591,2021-05-22T10:58:33Z,1980-01-08,false,2025-11-02T13:11:10+03:00
579f87ff-0968-49dc-be36-c2785910fa53,Mueller9353,2024-03-04T12:36:20Z,1975-02-01,true,2025-04-02T07:41:16+03:00
fbc992d0-0398-4a6a-b4b1-fc8be717cbb3,Pfeffer8812,2020-07-29T02:48:19Z,1953-02-11,true,2025-04-08T21:30:59+03:00
5846c1f4-79de-41d8-a57a-145efac3d625,Maggio6348,2022-04-15T15:25:14Z,1956-11-01,false,2025-07-19T02:03:12+03:00
e7b64d9d-a8d8-46b3-b23f-6e15ac382eb9,Jast9714,2020-09-13T04:57:43Z,1985-10-10,false,2025-04-20T03:52:44+03:00
f1a5f8d8-2b96-4d4b-ab28-bddc2c1ffbd4,Quigley3301,2020-03-04T15:40:18Z,1999-03-24,true,2025-03-24T01:32:48+03:00
2a2af2c4-d91a-4095-b021-a2e598caf541,Reynolds8566,2021-12-02T19:21:04Z,1976-04-08,false,2025-09-04T20:55:13+03:00
be935f4f-0945-44e2-9cbb-55670f6641c8,Robel9445,2022-12-18T02:42:27Z,2001-06-26,false,2025-08-12T07:26:54+03:00
69ed8d11-bfbd-4bdc-ba61-5e6ff7283a51,Balistreri1608,2023-03-04T05:31:18Z,1976-06-21,false,2025-06-13T07:16:04+03:00
0c4e4133-3eb8-42f1-bf90-1a24366c62fa,Kling7217,2022-03-06T10:57:15Z,1991-10-20,true,2025-11-05T18:47:53+03:00
46179aa2-7299-4ce5-aed9-9c5e3a49ed20,Prosacco8768,2021-04-28T13:09:31Z,1956-01-29,true,2025-08-30T18:46:18+03:00
daa40338-9711-46b2-98f2-b87c949e4ccf,Bednar7255,2022-05-12T11:56:42Z,1970-05-29,false,2025-01-30T22:28:01+03:00
8e47657c-31c4-4864-84ae-1d79dabd0780,Pacocha7837,2020-12-05T01:46:47Z,1999-03-15,false,2025-05-15T07:57:57+03:00
fec16db1-ba77-4e75-8358-5e36df632083,Zboncak2438,2023-02-09T06:02:59Z,1959-01-25,true,2025-03-27T05:08:33+03:00
c777283c-e614-4163-a36c-e649f85bdb46,Bruen3549,2024-03-03T19:14:53Z,1950-04-25,false,2025-12-08T03:02:39+03:00
dd12b0a6-1458-4ef5-adbc-d5f3a778feab,Runte8127,2022-03-10T04:04:53Z,1997-06-26,false,2024-12-25T20:47:26+03:00
4fcfff18-5f20-43fd-ba0c-3d07468ab75a,Reichert8026,2024-07-17T15:31:42Z,1957-06-30,false,2025-10-24T23:38:41+03:00
8919a036-4171-442d-a587-f2542ed476c5,Upton3939,2023-02-14T08:07:14Z,1956-08-29,true,2025-12-26T01:03:52+03:00
24f702cc-7517-4d73-8dce-ce392111b2c2,Little3152,2020-08-21T22:05:18Z,1971-03-11,true,2025-05-07T06:55:34+03:00
6f9639e1-e8aa-4f5f-8cab-bd0c2ac71667,Schuppe5262,2023-10-31T16:58:26Z,1957-06-21,false,2025-09-26T23:23:34+03:00
f0ae66c5-da34-4f8f-a7a7-417f3d3a763e,Swift4280,2022-09-22T22:52:31Z,1955-06-03,false,2025-06-11T12:39:20+03:00
8ed4bcb5-3293-4d78-bc29-468452429d14,Nolan8119,2020-03-19T09:20:10Z,1977-07-16,false,2025-01-07T04:16:42+03:00
b3b26071-01c7-4af8-b174-8a636a253296,Klocko1796,2024-09-20T04:19:42Z,1966-07-12,true,2025-02-23T20:40:30+03:00
145e4764-a446-48b3-9383-bbb60358a65b,Kohler8637,2024-01-10T21:10:31Z,1967-09-04,true,2025-07-07T00:33:10+03:00
a9a05b76-4ebe-489c-9cbf-782deccfb133,Casper6403,2021-07-09T06:41:46Z,1966-09-20,false,2025-12-27T16:39:09+03:00
599893c2-300b-4c1d-aa30-d0718c2f7c69,Koelpin4943,2020-09-08T15:26:34Z,1986-01-28,true,2024-12-25T23:42:31+03:00
67a8d257-198b-4fce-84ef-354ed36859c1,Mitchell6441,2021-09-19T02:08:47Z,1958-04-22,false,2025-11-18T02:28:41+03:00
46d4d34c-d00f-4453-8d4f-b9f3c51d0b73,Ferry1544,2022-03-20T06:37:40Z,1996-07-09,true,2024-12-17T00:13:46+03:00
07f130fb-73fa-4613-8c3b-e972ecd31820,Cartwright8402,2022-06-23T02:13:37Z,1972-01-07,false,2025-07-01T17:26:32+03:00
c11a4e51-9adf-47b4-9ea2-52cefe1f4572,Lubowitz4558,2021-12-02T11:13:57Z,1955-10-01,false,2025-06-30T23:48:54+03:00
774d7e15-c639-4a52-b89d-39e739c90eab,Gerlach7140,2023-04-19T20:52:11Z,1986-07-21,true,2024-12-03T22:34:26+03:00
e5bca9b7-fb54-482c-8993-8c3a00a4b88c,Brown9768,2022-11-18T15:39:19Z,1973-10-28,true,2024-12-24T05:37:53+03:00
5c146b24-17bf-4e62-aa97-da9cfa589b07,McKenzie6983,2022-07-13T19:38:42Z,1991-05-22,false,2024-10-26T16:00:37+03:00
d087e31d-9c10-4c01-92f7-747b9af56624,Lubowitz9075,2023-04-10T11:58:10Z,2000-04-21,true,2025-12-28T12:21:08+03:00
d4733e49-202b-48d5-940e-7fe5466a1853,Pouros7934,2021-12-14T13:59:54Z,1988-11-22,false,2025-07-05T14:40:14+03:00
df6c143a-e975-4231-b8ae-63d17be1d71f,Schaefer1333,2020-08-11T01:21:01Z,2003-08-06,true,2025-01-09T14:29:46+03:00
